assignment,cost_term,constraint_term,mu_thermometer_coeff,mu_bijective_coeff
000|000|000,0,14*mu_bijective,0,14
000|000|001,1,1*mu_thermometer + 13*mu_bijective,1,13
000|000|010,1,1*mu_thermometer + 11*mu_bijective,1,11
000|000|011,2,1*mu_thermometer + 10*mu_bijective,1,10
000|000|100,1,9*mu_bijective,0,9
000|000|101,2,1*mu_thermometer + 8*mu_bijective,1,8
000|000|110,2,6*mu_bijective,0,6
000|000|111,3,5*mu_bijective,0,5
000|001|000,1,1*mu_thermometer + 13*mu_bijective,1,13
000|001|001,2,2*mu_thermometer + 14*mu_bijective,2,14
000|001|010,2,2*mu_thermometer + 10*mu_bijective,2,10
000|001|011,3,2*mu_thermometer + 11*mu_bijective,2,11
000|001|100,2,1*mu_thermometer + 8*mu_bijective,1,8
000|001|101,3,2*mu_thermometer + 9*mu_bijective,2,9
000|001|110,3,1*mu_thermometer + 5*mu_bijective,1,5
000|001|111,4,1*mu_thermometer + 6*mu_bijective,1,6
000|010|000,1,1*mu_thermometer + 11*mu_bijective,1,11
000|010|001,2,2*mu_thermometer + 10*mu_bijective,2,10
000|010|010,2,2*mu_thermometer + 10*mu_bijective,2,10
000|010|011,3,2*mu_thermometer + 9*mu_bijective,2,9
000|010|100,2,1*mu_thermometer + 6*mu_bijective,1,6
000|010|101,3,2*mu_thermometer + 5*mu_bijective,2,5
000|010|110,3,1*mu_thermometer + 5*mu_bijective,1,5
000|010|111,4,1*mu_thermometer + 4*mu_bijective,1,4
000|011|000,2,1*mu_thermometer + 10*mu_bijective,1,10
000|011|001,3,2*mu_thermometer + 11*mu_bijective,2,11
000|011|010,3,2*mu_thermometer + 9*mu_bijective,2,9
000|011|011,4,2*mu_thermometer + 10*mu_bijective,2,10
000|011|100,3,1*mu_thermometer + 5*mu_bijective,1,5
000|011|101,4,2*mu_thermometer + 6*mu_bijective,2,6
000|011|110,4,1*mu_thermometer + 4*mu_bijective,1,4
000|011|111,5,1*mu_thermometer + 5*mu_bijective,1,5
000|100|000,1,9*mu_bijective,0,9
000|100|001,2,1*mu_thermometer + 8*mu_bijective,1,8
000|100|010,2,1*mu_thermometer + 6*mu_bijective,1,6
000|100|011,3,1*mu_thermometer + 5*mu_bijective,1,5
000|100|100,2,6*mu_bijective,0,6
000|100|101,3,1*mu_thermometer + 5*mu_bijective,1,5
000|100|110,3,3*mu_bijective,0,3
000|100|111,4,2*mu_bijective,0,2
000|101|000,2,1*mu_thermometer + 8*mu_bijective,1,8
000|101|001,3,2*mu_thermometer + 9*mu_bijective,2,9
000|101|010,3,2*mu_thermometer + 5*mu_bijective,2,5
000|101|011,4,2*mu_thermometer + 6*mu_bijective,2,6
000|101|100,3,1*mu_thermometer + 5*mu_bijective,1,5
000|101|101,4,2*mu_thermometer + 6*mu_bijective,2,6
000|101|110,4,1*mu_thermometer + 2*mu_bijective,1,2
000|101|111,5,1*mu_thermometer + 3*mu_bijective,1,3
000|110|000,2,6*mu_bijective,0,6
000|110|001,3,1*mu_thermometer + 5*mu_bijective,1,5
000|110|010,3,1*mu_thermometer + 5*mu_bijective,1,5
000|110|011,4,1*mu_thermometer + 4*mu_bijective,1,4
000|110|100,3,3*mu_bijective,0,3
000|110|101,4,1*mu_thermometer + 2*mu_bijective,1,2
000|110|110,4,2*mu_bijective,0,2
000|110|111,5,1*mu_bijective,0,1
000|111|000,3,5*mu_bijective,0,5
000|111|001,4,1*mu_thermometer + 6*mu_bijective,1,6
000|111|010,4,1*mu_thermometer + 4*mu_bijective,1,4
000|111|011,5,1*mu_thermometer + 5*mu_bijective,1,5
000|111|100,4,2*mu_bijective,0,2
000|111|101,5,1*mu_thermometer + 3*mu_bijective,1,3
000|111|110,5,1*mu_bijective,0,1
000|111|111,6,2*mu_bijective,0,2
001|000|000,2,1*mu_thermometer + 13*mu_bijective,1,13
001|000|001,1,2*mu_thermometer + 14*mu_bijective,2,14
001|000|010,3,2*mu_thermometer + 10*mu_bijective,2,10
001|000|011,2,2*mu_thermometer + 11*mu_bijective,2,11
001|000|100,3,1*mu_thermometer + 8*mu_bijective,1,8
001|000|101,2,2*mu_thermometer + 9*mu_bijective,2,9
001|000|110,4,1*mu_thermometer + 5*mu_bijective,1,5
001|000|111,3,1*mu_thermometer + 6*mu_bijective,1,6
001|001|000,1,2*mu_thermometer + 14*mu_bijective,2,14
001|001|001,0,3*mu_thermometer + 17*mu_bijective,3,17
001|001|010,2,3*mu_thermometer + 11*mu_bijective,3,11
001|001|011,1,3*mu_thermometer + 14*mu_bijective,3,14
001|001|100,2,2*mu_thermometer + 9*mu_bijective,2,9
001|001|101,1,3*mu_thermometer + 12*mu_bijective,3,12
001|001|110,3,2*mu_thermometer + 6*mu_bijective,2,6
001|001|111,2,2*mu_thermometer + 9*mu_bijective,2,9
001|010|000,3,2*mu_thermometer + 10*mu_bijective,2,10
001|010|001,2,3*mu_thermometer + 11*mu_bijective,3,11
001|010|010,4,3*mu_thermometer + 9*mu_bijective,3,9
001|010|011,3,3*mu_thermometer + 10*mu_bijective,3,10
001|010|100,4,2*mu_thermometer + 5*mu_bijective,2,5
001|010|101,3,3*mu_thermometer + 6*mu_bijective,3,6
001|010|110,5,2*mu_thermometer + 4*mu_bijective,2,4
001|010|111,4,2*mu_thermometer + 5*mu_bijective,2,5
001|011|000,2,2*mu_thermometer + 11*mu_bijective,2,11
001|011|001,1,3*mu_thermometer + 14*mu_bijective,3,14
001|011|010,3,3*mu_thermometer + 10*mu_bijective,3,10
001|011|011,2,3*mu_thermometer + 13*mu_bijective,3,13
001|011|100,3,2*mu_thermometer + 6*mu_bijective,2,6
001|011|101,2,3*mu_thermometer + 9*mu_bijective,3,9
001|011|110,4,2*mu_thermometer + 5*mu_bijective,2,5
001|011|111,3,2*mu_thermometer + 8*mu_bijective,2,8
001|100|000,3,1*mu_thermometer + 8*mu_bijective,1,8
001|100|001,2,2*mu_thermometer + 9*mu_bijective,2,9
001|100|010,4,2*mu_thermometer + 5*mu_bijective,2,5
001|100|011,3,2*mu_thermometer + 6*mu_bijective,2,6
001|100|100,4,1*mu_thermometer + 5*mu_bijective,1,5
001|100|101,3,2*mu_thermometer + 6*mu_bijective,2,6
001|100|110,5,1*mu_thermometer + 2*mu_bijective,1,2
001|100|111,4,1*mu_thermometer + 3*mu_bijective,1,3
001|101|000,2,2*mu_thermometer + 9*mu_bijective,2,9
001|101|001,1,3*mu_thermometer + 12*mu_bijective,3,12
001|101|010,3,3*mu_thermometer + 6*mu_bijective,3,6
001|101|011,2,3*mu_thermometer + 9*mu_bijective,3,9
001|101|100,3,2*mu_thermometer + 6*mu_bijective,2,6
001|101|101,2,3*mu_thermometer + 9*mu_bijective,3,9
001|101|110,4,2*mu_thermometer + 3*mu_bijective,2,3
001|101|111,3,2*mu_thermometer + 6*mu_bijective,2,6
001|110|000,4,1*mu_thermometer + 5*mu_bijective,1,5
001|110|001,3,2*mu_thermometer + 6*mu_bijective,2,6
001|110|010,5,2*mu_thermometer + 4*mu_bijective,2,4
001|110|011,4,2*mu_thermometer + 5*mu_bijective,2,5
001|110|100,5,1*mu_thermometer + 2*mu_bijective,1,2
001|110|101,4,2*mu_thermometer + 3*mu_bijective,2,3
001|110|110,6,1*mu_thermometer + 1*mu_bijective,1,1
001|110|111,5,1*mu_thermometer + 2*mu_bijective,1,2
001|111|000,3,1*mu_thermometer + 6*mu_bijective,1,6
001|111|001,2,2*mu_thermometer + 9*mu_bijective,2,9
001|111|010,4,2*mu_thermometer + 5*mu_bijective,2,5
001|111|011,3,2*mu_thermometer + 8*mu_bijective,2,8
001|111|100,4,1*mu_thermometer + 3*mu_bijective,1,3
001|111|101,3,2*mu_thermometer + 6*mu_bijective,2,6
001|111|110,5,1*mu_thermometer + 2*mu_bijective,1,2
001|111|111,4,1*mu_thermometer + 5*mu_bijective,1,5
010|000|000,2,1*mu_thermometer + 11*mu_bijective,1,11
010|000|001,3,2*mu_thermometer + 10*mu_bijective,2,10
010|000|010,1,2*mu_thermometer + 10*mu_bijective,2,10
010|000|011,2,2*mu_thermometer + 9*mu_bijective,2,9
010|000|100,3,1*mu_thermometer + 6*mu_bijective,1,6
010|000|101,4,2*mu_thermometer + 5*mu_bijective,2,5
010|000|110,2,1*mu_thermometer + 5*mu_bijective,1,5
010|000|111,3,1*mu_thermometer + 4*mu_bijective,1,4
010|001|000,3,2*mu_thermometer + 10*mu_bijective,2,10
010|001|001,4,3*mu_thermometer + 11*mu_bijective,3,11
010|001|010,2,3*mu_thermometer + 9*mu_bijective,3,9
010|001|011,3,3*mu_thermometer + 10*mu_bijective,3,10
010|001|100,4,2*mu_thermometer + 5*mu_bijective,2,5
010|001|101,5,3*mu_thermometer + 6*mu_bijective,3,6
010|001|110,3,2*mu_thermometer + 4*mu_bijective,2,4
010|001|111,4,2*mu_thermometer + 5*mu_bijective,2,5
010|010|000,1,2*mu_thermometer + 10*mu_bijective,2,10
010|010|001,2,3*mu_thermometer + 9*mu_bijective,3,9
010|010|010,0,3*mu_thermometer + 11*mu_bijective,3,11
010|010|011,1,3*mu_thermometer + 10*mu_bijective,3,10
010|010|100,2,2*mu_thermometer + 5*mu_bijective,2,5
010|010|101,3,3*mu_thermometer + 4*mu_bijective,3,4
010|010|110,1,2*mu_thermometer + 6*mu_bijective,2,6
010|010|111,2,2*mu_thermometer + 5*mu_bijective,2,5
010|011|000,2,2*mu_thermometer + 9*mu_bijective,2,9
010|011|001,3,3*mu_thermometer + 10*mu_bijective,3,10
010|011|010,1,3*mu_thermometer + 10*mu_bijective,3,10
010|011|011,2,3*mu_thermometer + 11*mu_bijective,3,11
010|011|100,3,2*mu_thermometer + 4*mu_bijective,2,4
010|011|101,4,3*mu_thermometer + 5*mu_bijective,3,5
010|011|110,2,2*mu_thermometer + 5*mu_bijective,2,5
010|011|111,3,2*mu_thermometer + 6*mu_bijective,2,6
010|100|000,3,1*mu_thermometer + 6*mu_bijective,1,6
010|100|001,4,2*mu_thermometer + 5*mu_bijective,2,5
010|100|010,2,2*mu_thermometer + 5*mu_bijective,2,5
010|100|011,3,2*mu_thermometer + 4*mu_bijective,2,4
010|100|100,4,1*mu_thermometer + 3*mu_bijective,1,3
010|100|101,5,2*mu_thermometer + 2*mu_bijective,2,2
010|100|110,3,1*mu_thermometer + 2*mu_bijective,1,2
010|100|111,4,1*mu_thermometer + 1*mu_bijective,1,1
010|101|000,4,2*mu_thermometer + 5*mu_bijective,2,5
010|101|001,5,3*mu_thermometer + 6*mu_bijective,3,6
010|101|010,3,3*mu_thermometer + 4*mu_bijective,3,4
010|101|011,4,3*mu_thermometer + 5*mu_bijective,3,5
010|101|100,5,2*mu_thermometer + 2*mu_bijective,2,2
010|101|101,6,3*mu_thermometer + 3*mu_bijective,3,3
010|101|110,4,2*mu_thermometer + 1*mu_bijective,2,1
010|101|111,5,2*mu_thermometer + 2*mu_bijective,2,2
010|110|000,2,1*mu_thermometer + 5*mu_bijective,1,5
010|110|001,3,2*mu_thermometer + 4*mu_bijective,2,4
010|110|010,1,2*mu_thermometer + 6*mu_bijective,2,6
010|110|011,2,2*mu_thermometer + 5*mu_bijective,2,5
010|110|100,3,1*mu_thermometer + 2*mu_bijective,1,2
010|110|101,4,2*mu_thermometer + 1*mu_bijective,2,1
010|110|110,2,1*mu_thermometer + 3*mu_bijective,1,3
010|110|111,3,1*mu_thermometer + 2*mu_bijective,1,2
010|111|000,3,1*mu_thermometer + 4*mu_bijective,1,4
010|111|001,4,2*mu_thermometer + 5*mu_bijective,2,5
010|111|010,2,2*mu_thermometer + 5*mu_bijective,2,5
010|111|011,3,2*mu_thermometer + 6*mu_bijective,2,6
010|111|100,4,1*mu_thermometer + 1*mu_bijective,1,1
010|111|101,5,2*mu_thermometer + 2*mu_bijective,2,2
010|111|110,3,1*mu_thermometer + 2*mu_bijective,1,2
010|111|111,4,1*mu_thermometer + 3*mu_bijective,1,3
011|000|000,4,1*mu_thermometer + 10*mu_bijective,1,10
011|000|001,3,2*mu_thermometer + 11*mu_bijective,2,11
011|000|010,3,2*mu_thermometer + 9*mu_bijective,2,9
011|000|011,2,2*mu_thermometer + 10*mu_bijective,2,10
011|000|100,5,1*mu_thermometer + 5*mu_bijective,1,5
011|000|101,4,2*mu_thermometer + 6*mu_bijective,2,6
011|000|110,4,1*mu_thermometer + 4*mu_bijective,1,4
011|000|111,3,1*mu_thermometer + 5*mu_bijective,1,5
011|001|000,3,2*mu_thermometer + 11*mu_bijective,2,11
011|001|001,2,3*mu_thermometer + 14*mu_bijective,3,14
011|001|010,2,3*mu_thermometer + 10*mu_bijective,3,10
011|001|011,1,3*mu_thermometer + 13*mu_bijective,3,13
011|001|100,4,2*mu_thermometer + 6*mu_bijective,2,6
011|001|101,3,3*mu_thermometer + 9*mu_bijective,3,9
011|001|110,3,2*mu_thermometer + 5*mu_bijective,2,5
011|001|111,2,2*mu_thermometer + 8*mu_bijective,2,8
011|010|000,3,2*mu_thermometer + 9*mu_bijective,2,9
011|010|001,2,3*mu_thermometer + 10*mu_bijective,3,10
011|010|010,2,3*mu_thermometer + 10*mu_bijective,3,10
011|010|011,1,3*mu_thermometer + 11*mu_bijective,3,11
011|010|100,4,2*mu_thermometer + 4*mu_bijective,2,4
011|010|101,3,3*mu_thermometer + 5*mu_bijective,3,5
011|010|110,3,2*mu_thermometer + 5*mu_bijective,2,5
011|010|111,2,2*mu_thermometer + 6*mu_bijective,2,6
011|011|000,2,2*mu_thermometer + 10*mu_bijective,2,10
011|011|001,1,3*mu_thermometer + 13*mu_bijective,3,13
011|011|010,1,3*mu_thermometer + 11*mu_bijective,3,11
011|011|011,0,3*mu_thermometer + 14*mu_bijective,3,14
011|011|100,3,2*mu_thermometer + 5*mu_bijective,2,5
011|011|101,2,3*mu_thermometer + 8*mu_bijective,3,8
011|011|110,2,2*mu_thermometer + 6*mu_bijective,2,6
011|011|111,1,2*mu_thermometer + 9*mu_bijective,2,9
011|100|000,5,1*mu_thermometer + 5*mu_bijective,1,5
011|100|001,4,2*mu_thermometer + 6*mu_bijective,2,6
011|100|010,4,2*mu_thermometer + 4*mu_bijective,2,4
011|100|011,3,2*mu_thermometer + 5*mu_bijective,2,5
011|100|100,6,1*mu_thermometer + 2*mu_bijective,1,2
011|100|101,5,2*mu_thermometer + 3*mu_bijective,2,3
011|100|110,5,1*mu_thermometer + 1*mu_bijective,1,1
011|100|111,4,1*mu_thermometer + 2*mu_bijective,1,2
011|101|000,4,2*mu_thermometer + 6*mu_bijective,2,6
011|101|001,3,3*mu_thermometer + 9*mu_bijective,3,9
011|101|010,3,3*mu_thermometer + 5*mu_bijective,3,5
011|101|011,2,3*mu_thermometer + 8*mu_bijective,3,8
011|101|100,5,2*mu_thermometer + 3*mu_bijective,2,3
011|101|101,4,3*mu_thermometer + 6*mu_bijective,3,6
011|101|110,4,2*mu_thermometer + 2*mu_bijective,2,2
011|101|111,3,2*mu_thermometer + 5*mu_bijective,2,5
011|110|000,4,1*mu_thermometer + 4*mu_bijective,1,4
011|110|001,3,2*mu_thermometer + 5*mu_bijective,2,5
011|110|010,3,2*mu_thermometer + 5*mu_bijective,2,5
011|110|011,2,2*mu_thermometer + 6*mu_bijective,2,6
011|110|100,5,1*mu_thermometer + 1*mu_bijective,1,1
011|110|101,4,2*mu_thermometer + 2*mu_bijective,2,2
011|110|110,4,1*mu_thermometer + 2*mu_bijective,1,2
011|110|111,3,1*mu_thermometer + 3*mu_bijective,1,3
011|111|000,3,1*mu_thermometer + 5*mu_bijective,1,5
011|111|001,2,2*mu_thermometer + 8*mu_bijective,2,8
011|111|010,2,2*mu_thermometer + 6*mu_bijective,2,6
011|111|011,1,2*mu_thermometer + 9*mu_bijective,2,9
011|111|100,4,1*mu_thermometer + 2*mu_bijective,1,2
011|111|101,3,2*mu_thermometer + 5*mu_bijective,2,5
011|111|110,3,1*mu_thermometer + 3*mu_bijective,1,3
011|111|111,2,1*mu_thermometer + 6*mu_bijective,1,6
100|000|000,2,9*mu_bijective,0,9
100|000|001,3,1*mu_thermometer + 8*mu_bijective,1,8
100|000|010,3,1*mu_thermometer + 6*mu_bijective,1,6
100|000|011,4,1*mu_thermometer + 5*mu_bijective,1,5
100|000|100,1,6*mu_bijective,0,6
100|000|101,2,1*mu_thermometer + 5*mu_bijective,1,5
100|000|110,2,3*mu_bijective,0,3
100|000|111,3,2*mu_bijective,0,2
100|001|000,3,1*mu_thermometer + 8*mu_bijective,1,8
100|001|001,4,2*mu_thermometer + 9*mu_bijective,2,9
100|001|010,4,2*mu_thermometer + 5*mu_bijective,2,5
100|001|011,5,2*mu_thermometer + 6*mu_bijective,2,6
100|001|100,2,1*mu_thermometer + 5*mu_bijective,1,5
100|001|101,3,2*mu_thermometer + 6*mu_bijective,2,6
100|001|110,3,1*mu_thermometer + 2*mu_bijective,1,2
100|001|111,4,1*mu_thermometer + 3*mu_bijective,1,3
100|010|000,3,1*mu_thermometer + 6*mu_bijective,1,6
100|010|001,4,2*mu_thermometer + 5*mu_bijective,2,5
100|010|010,4,2*mu_thermometer + 5*mu_bijective,2,5
100|010|011,5,2*mu_thermometer + 4*mu_bijective,2,4
100|010|100,2,1*mu_thermometer + 3*mu_bijective,1,3
100|010|101,3,2*mu_thermometer + 2*mu_bijective,2,2
100|010|110,3,1*mu_thermometer + 2*mu_bijective,1,2
100|010|111,4,1*mu_thermometer + 1*mu_bijective,1,1
100|011|000,4,1*mu_thermometer + 5*mu_bijective,1,5
100|011|001,5,2*mu_thermometer + 6*mu_bijective,2,6
100|011|010,5,2*mu_thermometer + 4*mu_bijective,2,4
100|011|011,6,2*mu_thermometer + 5*mu_bijective,2,5
100|011|100,3,1*mu_thermometer + 2*mu_bijective,1,2
100|011|101,4,2*mu_thermometer + 3*mu_bijective,2,3
100|011|110,4,1*mu_thermometer + 1*mu_bijective,1,1
100|011|111,5,1*mu_thermometer + 2*mu_bijective,1,2
100|100|000,1,6*mu_bijective,0,6
100|100|001,2,1*mu_thermometer + 5*mu_bijective,1,5
100|100|010,2,1*mu_thermometer + 3*mu_bijective,1,3
100|100|011,3,1*mu_thermometer + 2*mu_bijective,1,2
100|100|100,0,5*mu_bijective,0,5
100|100|101,1,1*mu_thermometer + 4*mu_bijective,1,4
100|100|110,1,2*mu_bijective,0,2
100|100|111,2,1*mu_bijective,0,1
100|101|000,2,1*mu_thermometer + 5*mu_bijective,1,5
100|101|001,3,2*mu_thermometer + 6*mu_bijective,2,6
100|101|010,3,2*mu_thermometer + 2*mu_bijective,2,2
100|101|011,4,2*mu_thermometer + 3*mu_bijective,2,3
100|101|100,1,1*mu_thermometer + 4*mu_bijective,1,4
100|101|101,2,2*mu_thermometer + 5*mu_bijective,2,5
100|101|110,2,1*mu_thermometer + 1*mu_bijective,1,1
100|101|111,3,1*mu_thermometer + 2*mu_bijective,1,2
100|110|000,2,3*mu_bijective,0,3
100|110|001,3,1*mu_thermometer + 2*mu_bijective,1,2
100|110|010,3,1*mu_thermometer + 2*mu_bijective,1,2
100|110|011,4,1*mu_thermometer + 1*mu_bijective,1,1
100|110|100,1,2*mu_bijective,0,2
100|110|101,2,1*mu_thermometer + 1*mu_bijective,1,1
100|110|110,2,1*mu_bijective,0,1
100|110|111,3,0,0,0
100|111|000,3,2*mu_bijective,0,2
100|111|001,4,1*mu_thermometer + 3*mu_bijective,1,3
100|111|010,4,1*mu_thermometer + 1*mu_bijective,1,1
100|111|011,5,1*mu_thermometer + 2*mu_bijective,1,2
100|111|100,2,1*mu_bijective,0,1
100|111|101,3,1*mu_thermometer + 2*mu_bijective,1,2
100|111|110,3,0,0,0
100|111|111,4,1*mu_bijective,0,1
101|000|000,4,1*mu_thermometer + 8*mu_bijective,1,8
101|000|001,3,2*mu_thermometer + 9*mu_bijective,2,9
101|000|010,5,2*mu_thermometer + 5*mu_bijective,2,5
101|000|011,4,2*mu_thermometer + 6*mu_bijective,2,6
101|000|100,3,1*mu_thermometer + 5*mu_bijective,1,5
101|000|101,2,2*mu_thermometer + 6*mu_bijective,2,6
101|000|110,4,1*mu_thermometer + 2*mu_bijective,1,2
101|000|111,3,1*mu_thermometer + 3*mu_bijective,1,3
101|001|000,3,2*mu_thermometer + 9*mu_bijective,2,9
101|001|001,2,3*mu_thermometer + 12*mu_bijective,3,12
101|001|010,4,3*mu_thermometer + 6*mu_bijective,3,6
101|001|011,3,3*mu_thermometer + 9*mu_bijective,3,9
101|001|100,2,2*mu_thermometer + 6*mu_bijective,2,6
101|001|101,1,3*mu_thermometer + 9*mu_bijective,3,9
101|001|110,3,2*mu_thermometer + 3*mu_bijective,2,3
101|001|111,2,2*mu_thermometer + 6*mu_bijective,2,6
101|010|000,5,2*mu_thermometer + 5*mu_bijective,2,5
101|010|001,4,3*mu_thermometer + 6*mu_bijective,3,6
101|010|010,6,3*mu_thermometer + 4*mu_bijective,3,4
101|010|011,5,3*mu_thermometer + 5*mu_bijective,3,5
101|010|100,4,2*mu_thermometer + 2*mu_bijective,2,2
101|010|101,3,3*mu_thermometer + 3*mu_bijective,3,3
101|010|110,5,2*mu_thermometer + 1*mu_bijective,2,1
101|010|111,4,2*mu_thermometer + 2*mu_bijective,2,2
101|011|000,4,2*mu_thermometer + 6*mu_bijective,2,6
101|011|001,3,3*mu_thermometer + 9*mu_bijective,3,9
101|011|010,5,3*mu_thermometer + 5*mu_bijective,3,5
101|011|011,4,3*mu_thermometer + 8*mu_bijective,3,8
101|011|100,3,2*mu_thermometer + 3*mu_bijective,2,3
101|011|101,2,3*mu_thermometer + 6*mu_bijective,3,6
101|011|110,4,2*mu_thermometer + 2*mu_bijective,2,2
101|011|111,3,2*mu_thermometer + 5*mu_bijective,2,5
101|100|000,3,1*mu_thermometer + 5*mu_bijective,1,5
101|100|001,2,2*mu_thermometer + 6*mu_bijective,2,6
101|100|010,4,2*mu_thermometer + 2*mu_bijective,2,2
101|100|011,3,2*mu_thermometer + 3*mu_bijective,2,3
101|100|100,2,1*mu_thermometer + 4*mu_bijective,1,4
101|100|101,1,2*mu_thermometer + 5*mu_bijective,2,5
101|100|110,3,1*mu_thermometer + 1*mu_bijective,1,1
101|100|111,2,1*mu_thermometer + 2*mu_bijective,1,2
101|101|000,2,2*mu_thermometer + 6*mu_bijective,2,6
101|101|001,1,3*mu_thermometer + 9*mu_bijective,3,9
101|101|010,3,3*mu_thermometer + 3*mu_bijective,3,3
101|101|011,2,3*mu_thermometer + 6*mu_bijective,3,6
101|101|100,1,2*mu_thermometer + 5*mu_bijective,2,5
101|101|101,0,3*mu_thermometer + 8*mu_bijective,3,8
101|101|110,2,2*mu_thermometer + 2*mu_bijective,2,2
101|101|111,1,2*mu_thermometer + 5*mu_bijective,2,5
101|110|000,4,1*mu_thermometer + 2*mu_bijective,1,2
101|110|001,3,2*mu_thermometer + 3*mu_bijective,2,3
101|110|010,5,2*mu_thermometer + 1*mu_bijective,2,1
101|110|011,4,2*mu_thermometer + 2*mu_bijective,2,2
101|110|100,3,1*mu_thermometer + 1*mu_bijective,1,1
101|110|101,2,2*mu_thermometer + 2*mu_bijective,2,2
101|110|110,4,1*mu_thermometer,1,0
101|110|111,3,1*mu_thermometer + 1*mu_bijective,1,1
101|111|000,3,1*mu_thermometer + 3*mu_bijective,1,3
101|111|001,2,2*mu_thermometer + 6*mu_bijective,2,6
101|111|010,4,2*mu_thermometer + 2*mu_bijective,2,2
101|111|011,3,2*mu_thermometer + 5*mu_bijective,2,5
101|111|100,2,1*mu_thermometer + 2*mu_bijective,1,2
101|111|101,1,2*mu_thermometer + 5*mu_bijective,2,5
101|111|110,3,1*mu_thermometer + 1*mu_bijective,1,1
101|111|111,2,1*mu_thermometer + 4*mu_bijective,1,4
110|000|000,4,6*mu_bijective,0,6
110|000|001,5,1*mu_thermometer + 5*mu_bijective,1,5
110|000|010,3,1*mu_thermometer + 5*mu_bijective,1,5
110|000|011,4,1*mu_thermometer + 4*mu_bijective,1,4
110|000|100,3,3*mu_bijective,0,3
110|000|101,4,1*mu_thermometer + 2*mu_bijective,1,2
110|000|110,2,2*mu_bijective,0,2
110|000|111,3,1*mu_bijective,0,1
110|001|000,5,1*mu_thermometer + 5*mu_bijective,1,5
110|001|001,6,2*mu_thermometer + 6*mu_bijective,2,6
110|001|010,4,2*mu_thermometer + 4*mu_bijective,2,4
110|001|011,5,2*mu_thermometer + 5*mu_bijective,2,5
110|001|100,4,1*mu_thermometer + 2*mu_bijective,1,2
110|001|101,5,2*mu_thermometer + 3*mu_bijective,2,3
110|001|110,3,1*mu_thermometer + 1*mu_bijective,1,1
110|001|111,4,1*mu_thermometer + 2*mu_bijective,1,2
110|010|000,3,1*mu_thermometer + 5*mu_bijective,1,5
110|010|001,4,2*mu_thermometer + 4*mu_bijective,2,4
110|010|010,2,2*mu_thermometer + 6*mu_bijective,2,6
110|010|011,3,2*mu_thermometer + 5*mu_bijective,2,5
110|010|100,2,1*mu_thermometer + 2*mu_bijective,1,2
110|010|101,3,2*mu_thermometer + 1*mu_bijective,2,1
110|010|110,1,1*mu_thermometer + 3*mu_bijective,1,3
110|010|111,2,1*mu_thermometer + 2*mu_bijective,1,2
110|011|000,4,1*mu_thermometer + 4*mu_bijective,1,4
110|011|001,5,2*mu_thermometer + 5*mu_bijective,2,5
110|011|010,3,2*mu_thermometer + 5*mu_bijective,2,5
110|011|011,4,2*mu_thermometer + 6*mu_bijective,2,6
110|011|100,3,1*mu_thermometer + 1*mu_bijective,1,1
110|011|101,4,2*mu_thermometer + 2*mu_bijective,2,2
110|011|110,2,1*mu_thermometer + 2*mu_bijective,1,2
110|011|111,3,1*mu_thermometer + 3*mu_bijective,1,3
110|100|000,3,3*mu_bijective,0,3
110|100|001,4,1*mu_thermometer + 2*mu_bijective,1,2
110|100|010,2,1*mu_thermometer + 2*mu_bijective,1,2
110|100|011,3,1*mu_thermometer + 1*mu_bijective,1,1
110|100|100,2,2*mu_bijective,0,2
110|100|101,3,1*mu_thermometer + 1*mu_bijective,1,1
110|100|110,1,1*mu_bijective,0,1
110|100|111,2,0,0,0
110|101|000,4,1*mu_thermometer + 2*mu_bijective,1,2
110|101|001,5,2*mu_thermometer + 3*mu_bijective,2,3
110|101|010,3,2*mu_thermometer + 1*mu_bijective,2,1
110|101|011,4,2*mu_thermometer + 2*mu_bijective,2,2
110|101|100,3,1*mu_thermometer + 1*mu_bijective,1,1
110|101|101,4,2*mu_thermometer + 2*mu_bijective,2,2
110|101|110,2,1*mu_thermometer,1,0
110|101|111,3,1*mu_thermometer + 1*mu_bijective,1,1
110|110|000,2,2*mu_bijective,0,2
110|110|001,3,1*mu_thermometer + 1*mu_bijective,1,1
110|110|010,1,1*mu_thermometer + 3*mu_bijective,1,3
110|110|011,2,1*mu_thermometer + 2*mu_bijective,1,2
110|110|100,1,1*mu_bijective,0,1
110|110|101,2,1*mu_thermometer,1,0
110|110|110,0,2*mu_bijective,0,2
110|110|111,1,1*mu_bijective,0,1
110|111|000,3,1*mu_bijective,0,1
110|111|001,4,1*mu_thermometer + 2*mu_bijective,1,2
110|111|010,2,1*mu_thermometer + 2*mu_bijective,1,2
110|111|011,3,1*mu_thermometer + 3*mu_bijective,1,3
110|111|100,2,0,0,0
110|111|101,3,1*mu_thermometer + 1*mu_bijective,1,1
110|111|110,1,1*mu_bijective,0,1
110|111|111,2,2*mu_bijective,0,2
111|000|000,6,5*mu_bijective,0,5
111|000|001,5,1*mu_thermometer + 6*mu_bijective,1,6
111|000|010,5,1*mu_thermometer + 4*mu_bijective,1,4
111|000|011,4,1*mu_thermometer + 5*mu_bijective,1,5
111|000|100,5,2*mu_bijective,0,2
111|000|101,4,1*mu_thermometer + 3*mu_bijective,1,3
111|000|110,4,1*mu_bijective,0,1
111|000|111,3,2*mu_bijective,0,2
111|001|000,5,1*mu_thermometer + 6*mu_bijective,1,6
111|001|001,4,2*mu_thermometer + 9*mu_bijective,2,9
111|001|010,4,2*mu_thermometer + 5*mu_bijective,2,5
111|001|011,3,2*mu_thermometer + 8*mu_bijective,2,8
111|001|100,4,1*mu_thermometer + 3*mu_bijective,1,3
111|001|101,3,2*mu_thermometer + 6*mu_bijective,2,6
111|001|110,3,1*mu_thermometer + 2*mu_bijective,1,2
111|001|111,2,1*mu_thermometer + 5*mu_bijective,1,5
111|010|000,5,1*mu_thermometer + 4*mu_bijective,1,4
111|010|001,4,2*mu_thermometer + 5*mu_bijective,2,5
111|010|010,4,2*mu_thermometer + 5*mu_bijective,2,5
111|010|011,3,2*mu_thermometer + 6*mu_bijective,2,6
111|010|100,4,1*mu_thermometer + 1*mu_bijective,1,1
111|010|101,3,2*mu_thermometer + 2*mu_bijective,2,2
111|010|110,3,1*mu_thermometer + 2*mu_bijective,1,2
111|010|111,2,1*mu_thermometer + 3*mu_bijective,1,3
111|011|000,4,1*mu_thermometer + 5*mu_bijective,1,5
111|011|001,3,2*mu_thermometer + 8*mu_bijective,2,8
111|011|010,3,2*mu_thermometer + 6*mu_bijective,2,6
111|011|011,2,2*mu_thermometer + 9*mu_bijective,2,9
111|011|100,3,1*mu_thermometer + 2*mu_bijective,1,2
111|011|101,2,2*mu_thermometer + 5*mu_bijective,2,5
111|011|110,2,1*mu_thermometer + 3*mu_bijective,1,3
111|011|111,1,1*mu_thermometer + 6*mu_bijective,1,6
111|100|000,5,2*mu_bijective,0,2
111|100|001,4,1*mu_thermometer + 3*mu_bijective,1,3
111|100|010,4,1*mu_thermometer + 1*mu_bijective,1,1
111|100|011,3,1*mu_thermometer + 2*mu_bijective,1,2
111|100|100,4,1*mu_bijective,0,1
111|100|101,3,1*mu_thermometer + 2*mu_bijective,1,2
111|100|110,3,0,0,0
111|100|111,2,1*mu_bijective,0,1
111|101|000,4,1*mu_thermometer + 3*mu_bijective,1,3
111|101|001,3,2*mu_thermometer + 6*mu_bijective,2,6
111|101|010,3,2*mu_thermometer + 2*mu_bijective,2,2
111|101|011,2,2*mu_thermometer + 5*mu_bijective,2,5
111|101|100,3,1*mu_thermometer + 2*mu_bijective,1,2
111|101|101,2,2*mu_thermometer + 5*mu_bijective,2,5
111|101|110,2,1*mu_thermometer + 1*mu_bijective,1,1
111|101|111,1,1*mu_thermometer + 4*mu_bijective,1,4
111|110|000,4,1*mu_bijective,0,1
111|110|001,3,1*mu_thermometer + 2*mu_bijective,1,2
111|110|010,3,1*mu_thermometer + 2*mu_bijective,1,2
111|110|011,2,1*mu_thermometer + 3*mu_bijective,1,3
111|110|100,3,0,0,0
111|110|101,2,1*mu_thermometer + 1*mu_bijective,1,1
111|110|110,2,1*mu_bijective,0,1
111|110|111,1,2*mu_bijective,0,2
111|111|000,3,2*mu_bijective,0,2
111|111|001,2,1*mu_thermometer + 5*mu_bijective,1,5
111|111|010,2,1*mu_thermometer + 3*mu_bijective,1,3
111|111|011,1,1*mu_thermometer + 6*mu_bijective,1,6
111|111|100,2,1*mu_bijective,0,1
111|111|101,1,1*mu_thermometer + 4*mu_bijective,1,4
111|111|110,1,2*mu_bijective,0,2
111|111|111,0,5*mu_bijective,0,5
