n,m,graph_id,solver,feasible,feasible_seed_count,avg_minla_cost,lower_bound,approx_ratio,time_s,num_seeds,num_reads,num_sweeps
10,21,0,PathIntegralAnnealingSampler,True,5,51.2,37.0,1.3837837837837839,2.212,5,10,1000
10,25,1,PathIntegralAnnealingSampler,True,5,67.8,50.000000000000014,1.3559999999999997,2.198,5,10,1000
10,19,2,PathIntegralAnnealingSampler,True,5,48.2,32.0,1.50625,2.199,5,10,1000
10,27,3,PathIntegralAnnealingSampler,True,5,77.0,60.58877549200334,1.2708624555411696,2.199,5,10,1000
10,23,4,PathIntegralAnnealingSampler,True,5,59.8,43.0,1.3906976744186046,2.2,5,10,1000
10,20,5,PathIntegralAnnealingSampler,True,5,39.6,34.0,1.1647058823529413,2.202,5,10,1000
10,22,6,PathIntegralAnnealingSampler,True,5,53.2,40.0,1.33,2.192,5,10,1000
10,20,7,PathIntegralAnnealingSampler,True,5,41.0,35.0,1.1714285714285715,2.196,5,10,1000
10,23,8,PathIntegralAnnealingSampler,True,5,60.2,43.0,1.4000000000000001,2.199,5,10,1000
10,20,9,PathIntegralAnnealingSampler,True,5,49.0,34.5,1.4202898550724639,2.187,5,10,1000
10,24,10,PathIntegralAnnealingSampler,True,5,56.8,46.0,1.2347826086956522,2.204,5,10,1000
10,25,11,PathIntegralAnnealingSampler,True,5,62.2,50.000000000000014,1.2439999999999998,2.2,5,10,1000
10,18,12,PathIntegralAnnealingSampler,True,5,38.2,31.0,1.2322580645161292,2.196,5,10,1000
10,26,13,PathIntegralAnnealingSampler,True,5,75.0,56.630695516535866,1.324370102042988,2.183,5,10,1000
10,24,14,PathIntegralAnnealingSampler,True,5,63.6,46.0,1.382608695652174,2.195,5,10,1000
10,22,15,PathIntegralAnnealingSampler,True,5,52.8,40.0,1.3199999999999998,2.201,5,10,1000
10,19,16,PathIntegralAnnealingSampler,True,5,43.6,33.0,1.3212121212121213,2.194,5,10,1000
10,18,17,PathIntegralAnnealingSampler,True,5,36.4,30.0,1.2133333333333334,2.196,5,10,1000
10,18,18,PathIntegralAnnealingSampler,True,5,38.0,31.0,1.2258064516129032,2.218,5,10,1000
10,24,19,PathIntegralAnnealingSampler,True,5,63.8,46.0,1.3869565217391304,2.198,5,10,1000
10,15,20,PathIntegralAnnealingSampler,True,5,32.8,25.0,1.3119999999999998,2.183,5,10,1000
10,20,21,PathIntegralAnnealingSampler,True,5,47.6,34.0,1.4000000000000001,2.196,5,10,1000
10,28,22,PathIntegralAnnealingSampler,True,5,81.8,62.000000000000014,1.3193548387096772,2.189,5,10,1000
10,20,23,PathIntegralAnnealingSampler,True,5,50.8,34.0,1.4941176470588236,2.208,5,10,1000
10,20,24,PathIntegralAnnealingSampler,True,5,47.0,34.5,1.3623188405797102,2.185,5,10,1000
10,28,25,PathIntegralAnnealingSampler,True,5,75.8,62.000000000000014,1.22258064516129,2.191,5,10,1000
10,23,26,PathIntegralAnnealingSampler,True,5,58.0,43.0,1.3488372093023255,2.191,5,10,1000
10,20,27,PathIntegralAnnealingSampler,True,5,47.6,34.0,1.4000000000000001,2.181,5,10,1000
10,22,28,PathIntegralAnnealingSampler,True,5,52.6,40.0,1.315,2.179,5,10,1000
10,27,29,PathIntegralAnnealingSampler,True,5,69.2,58.000000000000014,1.1931034482758618,2.179,5,10,1000
10,23,30,PathIntegralAnnealingSampler,True,5,56.2,43.0,1.3069767441860465,2.189,5,10,1000
10,22,31,PathIntegralAnnealingSampler,True,5,51.6,40.0,1.29,2.196,5,10,1000
10,21,32,PathIntegralAnnealingSampler,True,5,54.8,37.0,1.481081081081081,2.195,5,10,1000
10,21,33,PathIntegralAnnealingSampler,True,5,52.8,37.0,1.4270270270270269,2.186,5,10,1000
10,19,34,PathIntegralAnnealingSampler,True,5,40.8,31.0,1.3161290322580643,2.186,5,10,1000
10,29,35,PathIntegralAnnealingSampler,True,5,82.8,66.00000000000001,1.2545454545454542,2.193,5,10,1000
10,20,36,PathIntegralAnnealingSampler,True,5,48.4,34.0,1.423529411764706,2.187,5,10,1000
10,18,37,PathIntegralAnnealingSampler,True,5,43.2,29.0,1.4896551724137932,2.183,5,10,1000
10,22,38,PathIntegralAnnealingSampler,True,5,49.4,40.0,1.2349999999999999,2.18,5,10,1000
10,17,39,PathIntegralAnnealingSampler,True,5,33.6,28.0,1.2,2.193,5,10,1000
10,25,40,PathIntegralAnnealingSampler,True,5,58.8,50.000000000000014,1.1759999999999997,2.262,5,10,1000
10,23,41,PathIntegralAnnealingSampler,True,5,60.6,43.0,1.4093023255813955,2.24,5,10,1000
10,19,42,PathIntegralAnnealingSampler,True,5,44.6,32.0,1.39375,2.257,5,10,1000
10,23,43,PathIntegralAnnealingSampler,True,5,58.8,43.0,1.3674418604651162,2.265,5,10,1000
10,19,44,PathIntegralAnnealingSampler,True,5,42.6,32.0,1.33125,2.249,5,10,1000
10,22,45,PathIntegralAnnealingSampler,True,5,46.0,40.0,1.15,2.258,5,10,1000
10,22,46,PathIntegralAnnealingSampler,True,5,48.4,40.0,1.21,2.247,5,10,1000
10,22,47,PathIntegralAnnealingSampler,True,5,51.0,40.0,1.275,2.24,5,10,1000
10,30,48,PathIntegralAnnealingSampler,True,5,86.2,70.00000000000001,1.2314285714285713,2.242,5,10,1000
10,24,49,PathIntegralAnnealingSampler,True,5,65.2,46.0,1.4173913043478261,2.236,5,10,1000
10,16,50,PathIntegralAnnealingSampler,True,5,35.0,27.0,1.2962962962962963,2.296,5,10,1000
10,28,51,PathIntegralAnnealingSampler,True,5,79.0,62.000000000000014,1.2741935483870965,2.246,5,10,1000
10,24,52,PathIntegralAnnealingSampler,True,5,58.0,46.0,1.2608695652173914,2.241,5,10,1000
10,21,53,PathIntegralAnnealingSampler,True,5,52.2,37.0,1.4108108108108108,2.234,5,10,1000
10,21,54,PathIntegralAnnealingSampler,True,5,49.6,37.0,1.3405405405405406,2.28,5,10,1000
10,28,55,PathIntegralAnnealingSampler,True,5,76.0,62.000000000000014,1.225806451612903,2.247,5,10,1000
10,23,56,PathIntegralAnnealingSampler,True,5,53.8,43.0,1.2511627906976743,2.302,5,10,1000
10,18,57,PathIntegralAnnealingSampler,True,5,39.6,31.0,1.2774193548387098,2.278,5,10,1000
10,21,58,PathIntegralAnnealingSampler,True,5,48.0,37.0,1.2972972972972974,2.286,5,10,1000
10,24,59,PathIntegralAnnealingSampler,True,5,63.4,46.0,1.3782608695652174,2.301,5,10,1000
10,23,60,PathIntegralAnnealingSampler,True,5,61.8,43.0,1.4372093023255814,2.255,5,10,1000
10,26,61,PathIntegralAnnealingSampler,True,5,67.8,54.000000000000014,1.255555555555555,2.27,5,10,1000
10,25,62,PathIntegralAnnealingSampler,True,5,67.0,50.000000000000014,1.3399999999999996,2.262,5,10,1000
10,19,63,PathIntegralAnnealingSampler,True,5,44.6,32.0,1.39375,2.257,5,10,1000
10,17,64,PathIntegralAnnealingSampler,True,5,36.2,27.0,1.3407407407407408,2.301,5,10,1000
10,24,65,PathIntegralAnnealingSampler,True,5,64.8,46.0,1.408695652173913,2.249,5,10,1000
10,30,66,PathIntegralAnnealingSampler,True,5,84.6,70.00000000000001,1.2085714285714282,2.233,5,10,1000
10,17,67,PathIntegralAnnealingSampler,True,5,40.0,29.0,1.3793103448275863,2.253,5,10,1000
10,25,68,PathIntegralAnnealingSampler,True,5,66.6,50.000000000000014,1.3319999999999994,2.254,5,10,1000
10,20,69,PathIntegralAnnealingSampler,True,5,50.4,34.0,1.4823529411764707,2.225,5,10,1000
10,21,70,PathIntegralAnnealingSampler,True,5,45.2,37.0,1.2216216216216218,2.255,5,10,1000
10,18,71,PathIntegralAnnealingSampler,True,5,35.0,28.0,1.25,2.244,5,10,1000
10,25,72,PathIntegralAnnealingSampler,True,5,66.4,50.000000000000014,1.3279999999999998,2.236,5,10,1000
10,22,73,PathIntegralAnnealingSampler,True,5,56.6,40.0,1.415,2.253,5,10,1000
10,27,74,PathIntegralAnnealingSampler,True,5,77.2,58.000000000000014,1.3310344827586205,2.231,5,10,1000
10,24,75,PathIntegralAnnealingSampler,True,5,60.2,46.0,1.308695652173913,2.242,5,10,1000
10,22,76,PathIntegralAnnealingSampler,True,5,52.6,40.0,1.315,2.235,5,10,1000
10,25,77,PathIntegralAnnealingSampler,True,5,62.6,50.000000000000014,1.2519999999999998,2.242,5,10,1000
10,16,78,PathIntegralAnnealingSampler,True,5,33.6,28.0,1.2,2.253,5,10,1000
10,19,79,PathIntegralAnnealingSampler,True,5,44.4,31.0,1.432258064516129,2.275,5,10,1000
10,22,80,PathIntegralAnnealingSampler,True,5,55.8,40.0,1.395,2.252,5,10,1000
10,19,81,PathIntegralAnnealingSampler,True,5,42.8,31.0,1.3806451612903226,2.254,5,10,1000
10,18,82,PathIntegralAnnealingSampler,True,5,35.4,31.0,1.1419354838709677,2.262,5,10,1000
10,27,83,PathIntegralAnnealingSampler,True,5,74.8,58.000000000000014,1.2896551724137928,2.228,5,10,1000
10,23,84,PathIntegralAnnealingSampler,True,5,56.2,43.0,1.3069767441860465,2.231,5,10,1000
10,23,85,PathIntegralAnnealingSampler,True,5,55.0,43.0,1.2790697674418605,2.278,5,10,1000
10,24,86,PathIntegralAnnealingSampler,True,5,59.8,46.0,1.3,2.25,5,10,1000
10,22,87,PathIntegralAnnealingSampler,True,5,55.8,40.0,1.395,2.268,5,10,1000
10,23,88,PathIntegralAnnealingSampler,True,5,51.8,43.0,1.2046511627906975,2.261,5,10,1000
10,20,89,PathIntegralAnnealingSampler,True,5,47.2,34.0,1.3882352941176472,2.244,5,10,1000
10,22,90,PathIntegralAnnealingSampler,True,5,57.8,40.0,1.4449999999999998,2.256,5,10,1000
10,24,91,PathIntegralAnnealingSampler,True,5,57.0,46.0,1.2391304347826086,2.26,5,10,1000
10,23,92,PathIntegralAnnealingSampler,True,5,58.6,43.0,1.3627906976744186,2.254,5,10,1000
10,27,93,PathIntegralAnnealingSampler,True,5,70.6,58.000000000000014,1.2172413793103445,2.22,5,10,1000
10,25,94,PathIntegralAnnealingSampler,True,5,63.8,50.000000000000014,1.2759999999999996,2.225,5,10,1000
10,26,95,PathIntegralAnnealingSampler,True,5,69.4,54.000000000000014,1.285185185185185,2.22,5,10,1000
10,24,96,PathIntegralAnnealingSampler,True,5,61.4,46.0,1.3347826086956522,2.226,5,10,1000
10,25,97,PathIntegralAnnealingSampler,True,5,63.6,50.000000000000014,1.2719999999999996,2.212,5,10,1000
10,21,98,PathIntegralAnnealingSampler,True,5,56.4,37.619145031507024,1.4992366241381487,2.223,5,10,1000
10,25,99,PathIntegralAnnealingSampler,True,5,59.2,50.000000000000014,1.1839999999999997,2.229,5,10,1000
15,52,0,PathIntegralAnnealingSampler,True,5,192.4,130.0,1.48,6.766,5,10,1000
15,57,1,PathIntegralAnnealingSampler,True,5,218.8,158.44971975379113,1.3808796906677074,6.78,5,10,1000
15,48,2,PathIntegralAnnealingSampler,True,5,174.6,117.12997260862763,1.490651761555515,6.844,5,10,1000
15,52,3,PathIntegralAnnealingSampler,True,5,198.8,130.0,1.5292307692307694,6.777,5,10,1000
15,53,4,PathIntegralAnnealingSampler,True,5,198.6,135.0,1.471111111111111,6.764,5,10,1000
15,51,5,PathIntegralAnnealingSampler,True,5,189.0,125.0,1.512,6.738,5,10,1000
15,51,6,PathIntegralAnnealingSampler,True,5,185.2,125.0,1.4815999999999998,6.712,5,10,1000
15,45,7,PathIntegralAnnealingSampler,True,5,173.6,128.3015133988632,1.3530627613121995,6.715,5,10,1000
15,44,8,PathIntegralAnnealingSampler,True,5,176.2,120.09240222499979,1.4672035593882076,6.677,5,10,1000
15,55,9,PathIntegralAnnealingSampler,True,5,210.2,145.0,1.449655172413793,6.693,5,10,1000
15,50,10,PathIntegralAnnealingSampler,True,5,189.8,120.00000000000006,1.581666666666666,6.681,5,10,1000
15,54,11,PathIntegralAnnealingSampler,True,5,213.4,146.03235648319463,1.4613199782512447,6.736,5,10,1000
15,54,12,PathIntegralAnnealingSampler,True,5,207.8,140.0,1.4842857142857144,6.739,5,10,1000
15,55,13,PathIntegralAnnealingSampler,True,5,218.8,149.06043865626646,1.4678609694994462,6.726,5,10,1000
15,46,14,PathIntegralAnnealingSampler,True,5,160.4,104.00000000000006,1.5423076923076915,6.671,5,10,1000
15,53,15,PathIntegralAnnealingSampler,True,5,204.0,135.0,1.511111111111111,6.651,5,10,1000
15,46,16,PathIntegralAnnealingSampler,True,5,171.6,104.00000000000006,1.649999999999999,6.663,5,10,1000
15,50,17,PathIntegralAnnealingSampler,True,5,176.0,120.00000000000006,1.466666666666666,6.659,5,10,1000
15,50,18,PathIntegralAnnealingSampler,True,5,187.4,120.38148166294452,1.5567178390834255,6.728,5,10,1000
15,50,19,PathIntegralAnnealingSampler,True,5,186.2,120.00000000000006,1.5516666666666659,6.695,5,10,1000
15,50,20,PathIntegralAnnealingSampler,True,5,169.0,120.00000000000006,1.4083333333333328,6.686,5,10,1000
15,60,21,PathIntegralAnnealingSampler,True,5,245.8,170.0,1.4458823529411766,6.684,5,10,1000
15,54,22,PathIntegralAnnealingSampler,True,5,212.8,140.0,1.52,6.685,5,10,1000
15,50,23,PathIntegralAnnealingSampler,True,5,191.2,131.60900488769335,1.452788129225335,6.725,5,10,1000
15,57,24,PathIntegralAnnealingSampler,True,5,225.8,155.0,1.456774193548387,6.658,5,10,1000
15,48,25,PathIntegralAnnealingSampler,True,5,180.6,115.97929363272009,1.5571745123049199,6.638,5,10,1000
15,58,26,PathIntegralAnnealingSampler,True,5,237.0,165.2615534362208,1.434090355997199,6.624,5,10,1000
15,49,27,PathIntegralAnnealingSampler,True,5,177.4,116.00000000000006,1.5293103448275855,6.626,5,10,1000
15,55,28,PathIntegralAnnealingSampler,True,5,208.6,145.0,1.4386206896551723,6.615,5,10,1000
15,53,29,PathIntegralAnnealingSampler,True,5,210.6,140.06484781312813,1.5035892537503666,6.597,5,10,1000
15,45,30,PathIntegralAnnealingSampler,True,5,157.4,100.00000000000006,1.5739999999999992,6.555,5,10,1000
15,55,31,PathIntegralAnnealingSampler,True,5,217.8,145.0,1.5020689655172415,6.603,5,10,1000
15,57,32,PathIntegralAnnealingSampler,True,5,225.4,155.0,1.454193548387097,6.57,5,10,1000
15,53,33,PathIntegralAnnealingSampler,True,5,196.0,135.0,1.451851851851852,6.697,5,10,1000
15,38,34,PathIntegralAnnealingSampler,True,5,134.8,73.97972910718417,1.8221207569535367,6.811,5,10,1000
15,50,35,PathIntegralAnnealingSampler,True,5,192.6,120.00000000000006,1.604999999999999,6.81,5,10,1000
15,51,36,PathIntegralAnnealingSampler,True,5,196.6,125.0,1.5728,6.762,5,10,1000
15,56,37,PathIntegralAnnealingSampler,True,5,220.6,150.0,1.4706666666666666,6.743,5,10,1000
15,53,38,PathIntegralAnnealingSampler,True,5,203.0,135.0,1.5037037037037038,6.76,5,10,1000
15,48,39,PathIntegralAnnealingSampler,True,5,182.4,112.00000000000006,1.628571428571428,6.75,5,10,1000
15,58,40,PathIntegralAnnealingSampler,True,5,220.0,160.0,1.375,6.792,5,10,1000
15,61,41,PathIntegralAnnealingSampler,True,5,238.2,176.0,1.3534090909090908,6.722,5,10,1000
15,55,42,PathIntegralAnnealingSampler,True,5,211.8,145.0,1.4606896551724138,6.743,5,10,1000
15,55,43,PathIntegralAnnealingSampler,True,5,216.6,153.7294979104635,1.40896836940269,6.759,5,10,1000
15,56,44,PathIntegralAnnealingSampler,True,5,218.8,150.0,1.4586666666666668,6.779,5,10,1000
15,48,45,PathIntegralAnnealingSampler,True,5,188.4,116.86219157325144,1.6121552870408673,6.743,5,10,1000
15,54,46,PathIntegralAnnealingSampler,True,5,213.2,140.0,1.5228571428571427,6.771,5,10,1000
15,48,47,PathIntegralAnnealingSampler,True,5,177.0,116.66655008145095,1.5171443732280345,6.776,5,10,1000
15,56,48,PathIntegralAnnealingSampler,True,5,209.8,150.0,1.3986666666666667,6.84,5,10,1000
15,47,49,PathIntegralAnnealingSampler,True,5,162.8,108.00000000000006,1.5074074074074066,6.775,5,10,1000
15,53,50,PathIntegralAnnealingSampler,True,5,201.4,135.0,1.491851851851852,6.714,5,10,1000
15,52,51,PathIntegralAnnealingSampler,True,5,191.6,130.0,1.4738461538461538,6.662,5,10,1000
15,51,52,PathIntegralAnnealingSampler,True,5,201.0,130.30859168035425,1.5424923054425383,6.703,5,10,1000
15,51,53,PathIntegralAnnealingSampler,True,5,195.0,125.0,1.56,6.734,5,10,1000
15,51,54,PathIntegralAnnealingSampler,True,5,192.2,125.0,1.5375999999999999,6.733,5,10,1000
15,61,55,PathIntegralAnnealingSampler,True,5,244.0,176.0,1.3863636363636365,6.718,5,10,1000
15,52,56,PathIntegralAnnealingSampler,True,5,178.0,130.0,1.3692307692307693,6.738,5,10,1000
15,50,57,PathIntegralAnnealingSampler,True,5,194.0,123.42284518898988,1.5718321814971905,6.751,5,10,1000
15,61,58,PathIntegralAnnealingSampler,True,5,250.4,179.07195875278134,1.398320550822203,6.756,5,10,1000
15,57,59,PathIntegralAnnealingSampler,True,5,230.6,155.0,1.487741935483871,6.751,5,10,1000
15,52,60,PathIntegralAnnealingSampler,True,5,198.4,130.0,1.5261538461538462,6.734,5,10,1000
15,42,61,PathIntegralAnnealingSampler,True,5,155.2,88.70431474215995,1.7496330415394725,6.724,5,10,1000
15,51,62,PathIntegralAnnealingSampler,True,5,199.4,125.0,1.5952,6.732,5,10,1000
15,56,63,PathIntegralAnnealingSampler,True,5,223.2,150.0,1.488,6.733,5,10,1000
15,51,64,PathIntegralAnnealingSampler,True,5,194.6,125.0,1.5568,6.733,5,10,1000
15,56,65,PathIntegralAnnealingSampler,True,5,223.8,150.0,1.492,6.712,5,10,1000
15,49,66,PathIntegralAnnealingSampler,True,5,190.8,116.00000000000006,1.644827586206896,6.714,5,10,1000
15,57,67,PathIntegralAnnealingSampler,True,5,218.4,155.0,1.4090322580645163,6.709,5,10,1000
15,56,68,PathIntegralAnnealingSampler,True,5,236.6,160.87286447558742,1.4707265937687348,6.702,5,10,1000
15,57,69,PathIntegralAnnealingSampler,True,5,222.6,155.0,1.4361290322580644,6.708,5,10,1000
15,58,70,PathIntegralAnnealingSampler,True,5,231.4,160.0,1.44625,6.685,5,10,1000
15,53,71,PathIntegralAnnealingSampler,True,5,204.4,135.0,1.5140740740740741,6.677,5,10,1000
15,53,72,PathIntegralAnnealingSampler,True,5,204.2,135.0,1.5125925925925925,6.731,5,10,1000
15,56,73,PathIntegralAnnealingSampler,True,5,228.0,150.0,1.52,6.682,5,10,1000
15,52,74,PathIntegralAnnealingSampler,True,5,193.8,130.0,1.4907692307692308,6.698,5,10,1000
15,50,75,PathIntegralAnnealingSampler,True,5,192.2,121.89180592206328,1.5768082074597471,6.686,5,10,1000
15,51,76,PathIntegralAnnealingSampler,True,5,182.8,125.0,1.4624000000000001,6.713,5,10,1000
15,45,77,PathIntegralAnnealingSampler,True,5,161.2,100.69665652723057,1.6008475907679018,6.663,5,10,1000
15,41,78,PathIntegralAnnealingSampler,True,5,137.0,84.00000000000006,1.6309523809523798,6.653,5,10,1000
15,54,79,PathIntegralAnnealingSampler,True,5,208.0,140.0,1.4857142857142858,6.672,5,10,1000
15,47,80,PathIntegralAnnealingSampler,True,5,169.8,108.00000000000006,1.5722222222222215,6.663,5,10,1000
15,63,81,PathIntegralAnnealingSampler,True,5,264.0,188.0,1.4042553191489362,6.673,5,10,1000
15,49,82,PathIntegralAnnealingSampler,True,5,191.8,130.11076143410978,1.4741286415200228,6.614,5,10,1000
15,53,83,PathIntegralAnnealingSampler,True,5,202.6,135.0,1.5007407407407407,6.631,5,10,1000
15,49,84,PathIntegralAnnealingSampler,True,5,177.4,116.00000000000006,1.5293103448275855,6.631,5,10,1000
15,45,85,PathIntegralAnnealingSampler,True,5,159.0,100.00000000000006,1.5899999999999992,6.617,5,10,1000
15,58,86,PathIntegralAnnealingSampler,True,5,231.8,160.0,1.44875,6.716,5,10,1000
15,56,87,PathIntegralAnnealingSampler,True,5,222.6,150.0,1.484,6.8,5,10,1000
15,49,88,PathIntegralAnnealingSampler,True,5,175.8,116.00000000000006,1.5155172413793097,6.779,5,10,1000
15,56,89,PathIntegralAnnealingSampler,True,5,223.6,150.0,1.4906666666666666,6.849,5,10,1000
15,55,90,PathIntegralAnnealingSampler,True,5,215.0,145.0,1.4827586206896552,6.814,5,10,1000
15,58,91,PathIntegralAnnealingSampler,True,5,229.6,160.0,1.435,6.844,5,10,1000
15,58,92,PathIntegralAnnealingSampler,True,5,230.4,160.0,1.44,6.85,5,10,1000
15,56,93,PathIntegralAnnealingSampler,True,5,225.4,150.0,1.5026666666666666,6.861,5,10,1000
15,52,94,PathIntegralAnnealingSampler,True,5,203.6,130.0,1.566153846153846,6.829,5,10,1000
15,50,95,PathIntegralAnnealingSampler,True,5,194.8,127.92768819134712,1.522735247967813,6.797,5,10,1000
15,57,96,PathIntegralAnnealingSampler,True,5,238.8,169.66144381116388,1.4075089462623491,6.79,5,10,1000
15,52,97,PathIntegralAnnealingSampler,True,5,198.2,130.0,1.5246153846153845,6.712,5,10,1000
15,48,98,PathIntegralAnnealingSampler,True,5,171.6,112.00000000000006,1.5321428571428564,6.734,5,10,1000
15,57,99,PathIntegralAnnealingSampler,True,5,218.0,155.0,1.4064516129032258,6.713,5,10,1000
20,98,0,PathIntegralAnnealingSampler,True,5,522.6,323.0000000000001,1.6179566563467487,15.06,5,10,1000
20,87,1,PathIntegralAnnealingSampler,True,5,450.0,275.4245282778259,1.633841411343279,15.082,5,10,1000
20,96,2,PathIntegralAnnealingSampler,True,5,520.2,333.9656616440207,1.557645170581907,15.179,5,10,1000
20,96,3,PathIntegralAnnealingSampler,True,5,507.6,359.17824201573745,1.41322591577738,15.152,5,10,1000
20,78,4,PathIntegralAnnealingSampler,True,5,398.8,243.25096155253172,1.639459089718239,15.169,5,10,1000
20,95,5,PathIntegralAnnealingSampler,True,5,506.8,305.0,1.6616393442622952,15.196,5,10,1000
20,99,6,PathIntegralAnnealingSampler,True,5,525.4,365.6524809773818,1.4368834544636926,15.127,5,10,1000
20,92,7,PathIntegralAnnealingSampler,True,5,477.4,287.0,1.6634146341463414,15.225,5,10,1000
20,93,8,PathIntegralAnnealingSampler,True,5,490.2,322.9065976011016,1.5180860460632708,15.181,5,10,1000
20,87,9,PathIntegralAnnealingSampler,True,5,432.6,257.0,1.6832684824902724,15.145,5,10,1000
20,91,10,PathIntegralAnnealingSampler,True,5,469.8,316.5249506777438,1.4842431820747888,15.116,5,10,1000
20,101,11,PathIntegralAnnealingSampler,True,5,536.0,343.0,1.5626822157434401,15.387,5,10,1000
20,94,12,PathIntegralAnnealingSampler,True,5,478.6,317.5725368772195,1.5070572685730608,15.245,5,10,1000
20,93,13,PathIntegralAnnealingSampler,True,5,506.4,350.1195543807781,1.4463630884473726,15.15,5,10,1000
20,102,14,PathIntegralAnnealingSampler,True,5,527.6,365.9228588054341,1.4418339475220698,15.078,5,10,1000
20,92,15,PathIntegralAnnealingSampler,True,5,478.8,287.0,1.6682926829268294,15.034,5,10,1000
20,93,16,PathIntegralAnnealingSampler,True,5,472.4,293.8456849316441,1.6076465445115933,14.99,5,10,1000
20,96,17,PathIntegralAnnealingSampler,True,5,517.6,337.0587429842088,1.5356373652181146,15.029,5,10,1000
20,90,18,PathIntegralAnnealingSampler,True,5,451.0,275.0,1.64,15.026,5,10,1000
20,82,19,PathIntegralAnnealingSampler,True,5,402.8,243.77267244364427,1.6523591260752164,15.033,5,10,1000
20,100,20,PathIntegralAnnealingSampler,True,5,537.2,336.0,1.598809523809524,15.037,5,10,1000
20,93,21,PathIntegralAnnealingSampler,True,5,481.8,330.66121725720274,1.4570804643994126,15.014,5,10,1000
20,104,22,PathIntegralAnnealingSampler,True,5,574.2,364.0,1.5774725274725276,15.035,5,10,1000
20,101,23,PathIntegralAnnealingSampler,True,5,536.2,345.5876163343076,1.5515602257035208,15.004,5,10,1000
20,100,24,PathIntegralAnnealingSampler,True,5,546.4,342.1010680032468,1.5971888167119497,15.02,5,10,1000
20,92,25,PathIntegralAnnealingSampler,True,5,478.2,324.37786396689694,1.474206637136006,15.091,5,10,1000
20,91,26,PathIntegralAnnealingSampler,True,5,462.0,299.79507113921073,1.541052687238707,15.182,5,10,1000
20,93,27,PathIntegralAnnealingSampler,True,5,496.6,323.60825737140215,1.534571472414738,15.201,5,10,1000
20,92,28,PathIntegralAnnealingSampler,True,5,480.0,287.0,1.6724738675958188,15.194,5,10,1000
20,96,29,PathIntegralAnnealingSampler,True,5,510.4,311.0000000000001,1.6411575562700957,15.173,5,10,1000
20,100,30,PathIntegralAnnealingSampler,True,5,545.0,384.1668584608115,1.4186543893546062,15.109,5,10,1000
20,93,31,PathIntegralAnnealingSampler,True,5,490.4,293.0,1.6737201365187713,15.123,5,10,1000
20,106,32,PathIntegralAnnealingSampler,True,5,557.0,378.0,1.4735449735449735,15.208,5,10,1000
20,89,33,PathIntegralAnnealingSampler,True,5,468.8,280.61487965979774,1.6706170412928485,15.179,5,10,1000
20,87,34,PathIntegralAnnealingSampler,True,5,433.6,283.3954513242101,1.530017500188995,15.132,5,10,1000
20,100,35,PathIntegralAnnealingSampler,True,5,521.0,338.19066925829895,1.5405510777178695,15.116,5,10,1000
20,95,36,PathIntegralAnnealingSampler,True,5,508.8,341.4095797239293,1.490292101385749,15.097,5,10,1000
20,105,37,PathIntegralAnnealingSampler,True,5,550.2,371.0,1.4830188679245284,15.024,5,10,1000
20,98,38,PathIntegralAnnealingSampler,True,5,522.8,323.0000000000001,1.618575851393188,15.037,5,10,1000
20,100,39,PathIntegralAnnealingSampler,True,5,559.6,351.9525850501816,1.5899869009918253,14.993,5,10,1000
20,105,40,PathIntegralAnnealingSampler,True,5,586.4,436.7282269187026,1.3427114710154948,14.938,5,10,1000
20,87,41,PathIntegralAnnealingSampler,True,5,443.8,257.0,1.7268482490272374,15.009,5,10,1000
20,87,42,PathIntegralAnnealingSampler,True,5,441.4,295.30587627630115,1.4947213566011357,14.967,5,10,1000
20,84,43,PathIntegralAnnealingSampler,True,5,433.4,284.54865962441556,1.5231138342807793,14.953,5,10,1000
20,95,44,PathIntegralAnnealingSampler,True,5,512.6,305.0,1.680655737704918,14.958,5,10,1000
20,92,45,PathIntegralAnnealingSampler,True,5,493.4,342.7763964352029,1.4394223322587218,15.181,5,10,1000
20,96,46,PathIntegralAnnealingSampler,True,5,510.2,362.16409446495635,1.408753677676813,15.235,5,10,1000
20,94,47,PathIntegralAnnealingSampler,True,5,455.8,299.0,1.5244147157190635,15.165,5,10,1000
20,92,48,PathIntegralAnnealingSampler,True,5,479.2,287.0,1.6696864111498257,15.238,5,10,1000
20,104,49,PathIntegralAnnealingSampler,True,5,562.8,368.26240196423987,1.5282581034559446,15.134,5,10,1000
20,98,50,PathIntegralAnnealingSampler,True,5,505.0,323.0000000000001,1.5634674922600613,15.111,5,10,1000
20,106,51,PathIntegralAnnealingSampler,True,5,593.0,378.0,1.5687830687830688,15.106,5,10,1000
20,93,52,PathIntegralAnnealingSampler,True,5,495.0,293.0,1.689419795221843,15.129,5,10,1000
20,97,53,PathIntegralAnnealingSampler,True,5,520.2,356.43829350039897,1.459439149737198,15.194,5,10,1000
20,88,54,PathIntegralAnnealingSampler,True,5,458.8,284.88857081473105,1.6104542161446245,15.304,5,10,1000
20,109,55,PathIntegralAnnealingSampler,True,5,588.4,399.0,1.47468671679198,15.226,5,10,1000
20,88,56,PathIntegralAnnealingSampler,True,5,450.6,263.0,1.7133079847908745,15.233,5,10,1000
20,100,57,PathIntegralAnnealingSampler,True,5,543.2,373.20936930932703,1.4554832881212576,15.082,5,10,1000
20,106,58,PathIntegralAnnealingSampler,True,5,578.6,378.0,1.5306878306878307,15.092,5,10,1000
20,98,59,PathIntegralAnnealingSampler,True,5,525.4,346.7532616453086,1.5151984367992126,15.025,5,10,1000
20,103,60,PathIntegralAnnealingSampler,True,5,552.8,384.1550781764568,1.4390021931353416,15.029,5,10,1000
20,96,61,PathIntegralAnnealingSampler,True,5,519.2,311.0000000000001,1.6694533762057873,15.012,5,10,1000
20,92,62,PathIntegralAnnealingSampler,True,5,479.6,287.0,1.6710801393728223,15.022,5,10,1000
20,77,63,PathIntegralAnnealingSampler,True,5,357.2,205.00000000000023,1.742439024390242,14.953,5,10,1000
20,83,64,PathIntegralAnnealingSampler,True,5,425.8,265.3978226176862,1.6043839237271291,15.007,5,10,1000
20,97,65,PathIntegralAnnealingSampler,True,5,532.4,334.96417338598343,1.5894237124473272,15.074,5,10,1000
20,93,66,PathIntegralAnnealingSampler,True,5,487.2,313.81795325615843,1.5524924401068794,15.027,5,10,1000
20,103,67,PathIntegralAnnealingSampler,True,5,550.6,377.08644520181406,1.4601426463508194,15.026,5,10,1000
20,95,68,PathIntegralAnnealingSampler,True,5,511.0,328.4225353709312,1.555922462576631,15.07,5,10,1000
20,89,69,PathIntegralAnnealingSampler,True,5,452.0,269.0,1.6802973977695168,15.369,5,10,1000
20,96,70,PathIntegralAnnealingSampler,True,5,501.8,311.0000000000001,1.6135048231511249,15.399,5,10,1000
20,103,71,PathIntegralAnnealingSampler,True,5,563.8,395.0013148591527,1.4273370208933014,15.374,5,10,1000
20,103,72,PathIntegralAnnealingSampler,True,5,569.6,357.0,1.5955182072829133,15.285,5,10,1000
20,94,73,PathIntegralAnnealingSampler,True,5,489.8,299.0,1.6381270903010035,15.258,5,10,1000
20,93,74,PathIntegralAnnealingSampler,True,5,482.4,293.0,1.6464163822525597,15.136,5,10,1000
20,95,75,PathIntegralAnnealingSampler,True,5,527.2,392.1446111735227,1.344402001145225,15.017,5,10,1000
20,88,76,PathIntegralAnnealingSampler,True,5,468.8,355.7717035467524,1.317698949428659,15.082,5,10,1000
20,100,77,PathIntegralAnnealingSampler,True,5,543.0,336.0,1.6160714285714286,15.09,5,10,1000
20,83,78,PathIntegralAnnealingSampler,True,5,421.6,261.10304302739354,1.6146881901938155,15.068,5,10,1000
20,89,79,PathIntegralAnnealingSampler,True,5,449.8,269.0,1.6721189591078067,15.052,5,10,1000
20,83,80,PathIntegralAnnealingSampler,True,5,419.2,277.74107853140174,1.5093194071852238,15.2,5,10,1000
20,101,81,PathIntegralAnnealingSampler,True,5,561.2,406.25399842154883,1.3814017884881757,15.426,5,10,1000
20,88,82,PathIntegralAnnealingSampler,True,5,450.2,263.0,1.711787072243346,15.368,5,10,1000
20,106,83,PathIntegralAnnealingSampler,True,5,569.4,413.7080529956517,1.3763328895267715,15.341,5,10,1000
20,84,84,PathIntegralAnnealingSampler,True,5,424.4,268.6888211123132,1.5795223569148744,15.28,5,10,1000
20,93,85,PathIntegralAnnealingSampler,True,5,469.6,293.0,1.6027303754266213,15.21,5,10,1000
20,94,86,PathIntegralAnnealingSampler,True,5,512.2,377.5222807554005,1.3567411146571724,15.231,5,10,1000
20,83,87,PathIntegralAnnealingSampler,True,5,426.4,264.3848305786194,1.6128005493613315,15.197,5,10,1000
20,95,88,PathIntegralAnnealingSampler,True,5,471.4,318.8236927822353,1.4785601279700946,15.137,5,10,1000
20,95,89,PathIntegralAnnealingSampler,True,5,495.6,305.0,1.6249180327868853,15.161,5,10,1000
20,99,90,PathIntegralAnnealingSampler,True,5,525.0,343.76592641308866,1.5272019698925314,15.144,5,10,1000
20,96,91,PathIntegralAnnealingSampler,True,5,509.6,311.0000000000001,1.638585209003215,15.136,5,10,1000
20,87,92,PathIntegralAnnealingSampler,True,5,446.0,281.6394527985154,1.5835849543390075,15.126,5,10,1000
20,97,93,PathIntegralAnnealingSampler,True,5,527.2,317.0000000000001,1.6630914826498417,15.127,5,10,1000
20,94,94,PathIntegralAnnealingSampler,True,5,495.4,299.0,1.6568561872909697,15.137,5,10,1000
20,89,95,PathIntegralAnnealingSampler,True,5,450.6,277.3345840080978,1.6247522883292589,15.104,5,10,1000
20,85,96,PathIntegralAnnealingSampler,True,5,415.0,245.00000000000023,1.6938775510204065,15.055,5,10,1000
20,94,97,PathIntegralAnnealingSampler,True,5,469.0,299.0,1.568561872909699,15.049,5,10,1000
20,110,98,PathIntegralAnnealingSampler,True,5,619.2,446.2368596610347,1.3876038847852004,15.03,5,10,1000
20,75,99,PathIntegralAnnealingSampler,True,5,377.0,211.34692555550714,1.7837969443325852,15.054,5,10,1000
25,151,0,PathIntegralAnnealingSampler,True,5,1002.6,592.0,1.6935810810810812,29.064,5,10,1000
25,145,1,PathIntegralAnnealingSampler,True,5,964.8,609.8111292774846,1.5821292096507202,29.09,5,10,1000
25,142,2,PathIntegralAnnealingSampler,True,5,959.6,701.5688950163258,1.3677915409543204,29.09,5,10,1000
25,146,3,PathIntegralAnnealingSampler,True,5,979.4,563.6333291687371,1.7376545163580865,29.075,5,10,1000
25,150,4,PathIntegralAnnealingSampler,True,5,1028.4,711.048229585088,1.4463153935424236,28.984,5,10,1000
25,140,5,PathIntegralAnnealingSampler,True,5,927.0,553.4435756161688,1.6749674959510321,28.851,5,10,1000
25,142,6,PathIntegralAnnealingSampler,True,5,953.2,668.6599275677748,1.4255377968696719,28.802,5,10,1000
25,154,7,PathIntegralAnnealingSampler,True,5,1092.4,807.2195211951461,1.353287391244731,28.801,5,10,1000
25,150,8,PathIntegralAnnealingSampler,True,5,1050.6,717.1738115659674,1.4649168486869144,28.876,5,10,1000
25,151,9,PathIntegralAnnealingSampler,True,5,1011.4,699.8250868900317,1.4452182680312062,28.878,5,10,1000
25,145,10,PathIntegralAnnealingSampler,True,5,960.0,565.4669722776791,1.6977118860420035,28.73,5,10,1000
25,154,11,PathIntegralAnnealingSampler,True,5,1003.4,616.0,1.6288961038961038,28.693,5,10,1000
25,133,12,PathIntegralAnnealingSampler,True,5,873.2,586.4258923744279,1.4890202007698345,28.904,5,10,1000
25,153,13,PathIntegralAnnealingSampler,True,5,1039.6,696.2501417799416,1.4931415271848925,29.115,5,10,1000
25,168,14,PathIntegralAnnealingSampler,True,5,1168.2,797.788939118228,1.4642970624425757,29.091,5,10,1000
25,152,15,PathIntegralAnnealingSampler,True,5,1010.6,738.0806632367788,1.3692270375545608,29.558,5,10,1000
25,141,16,PathIntegralAnnealingSampler,True,5,943.2,554.838045185386,1.6999555242915112,29.093,5,10,1000
25,155,17,PathIntegralAnnealingSampler,True,5,1068.4,739.5567126889756,1.4446491819611422,29.272,5,10,1000
25,145,18,PathIntegralAnnealingSampler,True,5,990.6,703.3126483442484,1.4084774421903101,28.953,5,10,1000
25,156,19,PathIntegralAnnealingSampler,True,5,1072.6,759.923769448823,1.4114573633852283,28.806,5,10,1000
25,160,20,PathIntegralAnnealingSampler,True,5,1104.2,770.7523579280778,1.432626171872234,28.857,5,10,1000
25,140,21,PathIntegralAnnealingSampler,True,5,927.2,553.3498378436965,1.6756126713854829,28.933,5,10,1000
25,153,22,PathIntegralAnnealingSampler,True,5,1035.2,679.4623408298115,1.5235575804477028,28.815,5,10,1000
25,155,23,PathIntegralAnnealingSampler,True,5,1053.8,632.9097909112214,1.6650082130706318,28.77,5,10,1000
25,157,24,PathIntegralAnnealingSampler,True,5,1081.2,725.4401110633015,1.49040559449525,28.846,5,10,1000
25,159,25,PathIntegralAnnealingSampler,True,5,1088.8,695.9884759360484,1.5643937186397399,29.138,5,10,1000
25,144,26,PathIntegralAnnealingSampler,True,5,973.6,699.2172077945055,1.3924142443103795,29.268,5,10,1000
25,132,27,PathIntegralAnnealingSampler,True,5,845.8,526.8833231193452,1.6052889945207405,29.432,5,10,1000
25,151,28,PathIntegralAnnealingSampler,True,5,1006.6,592.0,1.700337837837838,28.997,5,10,1000
25,143,29,PathIntegralAnnealingSampler,True,5,976.4,611.0135911928622,1.5980004603396882,28.743,5,10,1000
25,153,30,PathIntegralAnnealingSampler,True,5,1056.0,705.9970271819006,1.4957570065347043,28.773,5,10,1000
25,161,31,PathIntegralAnnealingSampler,True,5,1120.8,795.8987617230354,1.408219303638051,28.719,5,10,1000
25,159,32,PathIntegralAnnealingSampler,True,5,1106.6,685.6920837099187,1.6138439195808856,28.727,5,10,1000
25,151,33,PathIntegralAnnealingSampler,True,5,1035.0,677.2293056355468,1.5282859016691588,28.778,5,10,1000
25,150,34,PathIntegralAnnealingSampler,True,5,1000.2,727.9467547315744,1.37400159214779,28.793,5,10,1000
25,153,35,PathIntegralAnnealingSampler,True,5,1053.2,661.0123706731238,1.5933136000578971,28.645,5,10,1000
25,156,36,PathIntegralAnnealingSampler,True,5,1057.6,674.2481679042454,1.5685619188070183,28.572,5,10,1000
25,159,37,PathIntegralAnnealingSampler,True,5,1109.6,722.7858618142717,1.53517114628499,28.565,5,10,1000
25,159,38,PathIntegralAnnealingSampler,True,5,1122.8,739.7319853078588,1.5178470341967398,28.568,5,10,1000
25,143,39,PathIntegralAnnealingSampler,True,5,960.4,623.486167896258,1.5403709808680168,29.018,5,10,1000
25,127,40,PathIntegralAnnealingSampler,True,5,820.8,530.8311311779219,1.54625445229377,29.286,5,10,1000
25,147,41,PathIntegralAnnealingSampler,True,5,1011.6,641.8748650619726,1.5760081209946282,29.002,5,10,1000
25,160,42,PathIntegralAnnealingSampler,True,5,1134.4,673.760817338905,1.6836835428935182,29.058,5,10,1000
25,135,43,PathIntegralAnnealingSampler,True,5,900.8,581.7388566389222,1.548461117423887,28.901,5,10,1000
25,157,44,PathIntegralAnnealingSampler,True,5,1108.4,795.8292907718859,1.3927610014516398,28.88,5,10,1000
25,169,45,PathIntegralAnnealingSampler,True,5,1201.0,775.7747111186395,1.5481298665539132,28.823,5,10,1000
25,146,46,PathIntegralAnnealingSampler,True,5,1002.0,645.0700129094477,1.5533197636651834,28.754,5,10,1000
25,151,47,PathIntegralAnnealingSampler,True,5,1031.2,655.5188376628457,1.5731050593093392,28.621,5,10,1000
25,147,48,PathIntegralAnnealingSampler,True,5,996.2,642.9676484256985,1.5493781101416042,28.612,5,10,1000
25,140,49,PathIntegralAnnealingSampler,True,5,931.4,554.0045521790336,1.68121362240902,28.785,5,10,1000
25,137,50,PathIntegralAnnealingSampler,True,5,897.6,490.0,1.8318367346938775,29.058,5,10,1000
25,150,51,PathIntegralAnnealingSampler,True,5,1032.2,751.1191665869852,1.3742160311129055,29.013,5,10,1000
25,147,52,PathIntegralAnnealingSampler,True,5,973.8,560.0000000000002,1.7389285714285707,28.995,5,10,1000
25,142,53,PathIntegralAnnealingSampler,True,5,951.2,525.0,1.811809523809524,28.997,5,10,1000
25,151,54,PathIntegralAnnealingSampler,True,5,1049.0,708.832626652386,1.479898019020551,28.755,5,10,1000
25,137,55,PathIntegralAnnealingSampler,True,5,918.4,554.3154223878398,1.6568184158466726,28.666,5,10,1000
25,149,56,PathIntegralAnnealingSampler,True,5,1021.0,576.0,1.7725694444444444,28.786,5,10,1000
25,158,57,PathIntegralAnnealingSampler,True,5,1018.4,648.0,1.5716049382716049,28.745,5,10,1000
25,138,58,PathIntegralAnnealingSampler,True,5,932.4,605.5521780901769,1.5397517071784852,28.917,5,10,1000
25,152,59,PathIntegralAnnealingSampler,True,5,1036.6,665.0915204693835,1.558582492930337,28.792,5,10,1000
25,141,60,PathIntegralAnnealingSampler,True,5,943.2,597.7690845730659,1.5778668123555522,28.674,5,10,1000
25,142,61,PathIntegralAnnealingSampler,True,5,965.4,620.5470213384308,1.5557241704549172,28.684,5,10,1000
25,152,62,PathIntegralAnnealingSampler,True,5,1048.6,705.600640536659,1.4861097620354564,28.983,5,10,1000
25,143,63,PathIntegralAnnealingSampler,True,5,950.6,532.0,1.786842105263158,29.0,5,10,1000
25,150,64,PathIntegralAnnealingSampler,True,5,1032.4,584.0,1.7678082191780824,29.081,5,10,1000
25,148,65,PathIntegralAnnealingSampler,True,5,978.6,568.0,1.722887323943662,28.957,5,10,1000
25,157,66,PathIntegralAnnealingSampler,True,5,1086.4,765.5871378705209,1.4190416038360043,28.897,5,10,1000
25,153,67,PathIntegralAnnealingSampler,True,5,1062.4,767.2151727425303,1.3847484222741393,28.678,5,10,1000
25,159,68,PathIntegralAnnealingSampler,True,5,1091.6,656.0,1.6640243902439023,29.046,5,10,1000
25,139,69,PathIntegralAnnealingSampler,True,5,911.2,610.3292709049275,1.4929646068735574,29.392,5,10,1000
25,160,70,PathIntegralAnnealingSampler,True,5,1108.0,705.3352021639643,1.5708843066398253,29.17,5,10,1000
25,155,71,PathIntegralAnnealingSampler,True,5,1062.0,624.0,1.7019230769230769,29.166,5,10,1000
25,146,72,PathIntegralAnnealingSampler,True,5,1001.4,654.1776982730129,1.5307767333610296,29.025,5,10,1000
25,138,73,PathIntegralAnnealingSampler,True,5,928.2,681.6716487806821,1.3616526397427375,29.028,5,10,1000
25,170,74,PathIntegralAnnealingSampler,True,5,1202.8,890.2258007193656,1.3511178838313294,28.786,5,10,1000
25,155,75,PathIntegralAnnealingSampler,True,5,1062.4,756.7974686347256,1.4038101923313593,28.7,5,10,1000
25,158,76,PathIntegralAnnealingSampler,True,5,1079.2,762.3200000699899,1.4156784551119175,28.72,5,10,1000
25,161,77,PathIntegralAnnealingSampler,True,5,1123.4,747.9340718037364,1.502004043338714,28.76,5,10,1000
25,142,78,PathIntegralAnnealingSampler,True,5,925.6,630.0157394954533,1.4691696444620013,28.678,5,10,1000
25,156,79,PathIntegralAnnealingSampler,True,5,1087.4,632.0,1.7205696202531646,28.683,5,10,1000
25,170,80,PathIntegralAnnealingSampler,True,5,1196.4,750.0,1.5952000000000002,28.891,5,10,1000
25,152,81,PathIntegralAnnealingSampler,True,5,1033.2,600.0,1.722,29.218,5,10,1000
25,151,82,PathIntegralAnnealingSampler,True,5,1067.8,744.8650049136546,1.4335483516557208,29.203,5,10,1000
25,158,83,PathIntegralAnnealingSampler,True,5,1088.0,756.7878764697947,1.4376551657714416,29.216,5,10,1000
25,141,84,PathIntegralAnnealingSampler,True,5,927.8,624.2850155751497,1.486180153059134,29.064,5,10,1000
25,145,85,PathIntegralAnnealingSampler,True,5,969.6,651.1471394719073,1.4890643622981499,28.997,5,10,1000
25,153,86,PathIntegralAnnealingSampler,True,5,1048.4,608.0,1.724342105263158,28.901,5,10,1000
25,148,87,PathIntegralAnnealingSampler,True,5,992.4,711.9602681316488,1.3938980086687855,28.696,5,10,1000
25,153,88,PathIntegralAnnealingSampler,True,5,1061.6,751.680604643287,1.4123019716649285,28.705,5,10,1000
25,156,89,PathIntegralAnnealingSampler,True,5,1084.4,649.7391645234835,1.6689774284967036,28.753,5,10,1000
25,151,90,PathIntegralAnnealingSampler,True,5,1009.8,592.0,1.7057432432432431,28.755,5,10,1000
25,158,91,PathIntegralAnnealingSampler,True,5,1072.4,648.0,1.6549382716049383,28.662,5,10,1000
25,129,92,PathIntegralAnnealingSampler,True,5,827.8,536.3175358222722,1.5434885952979929,28.674,5,10,1000
25,167,93,PathIntegralAnnealingSampler,True,5,1162.4,731.2240014882187,1.5896633557353606,29.159,5,10,1000
25,155,94,PathIntegralAnnealingSampler,True,5,1097.0,671.1596676769276,1.6344843899768673,29.195,5,10,1000
25,150,95,PathIntegralAnnealingSampler,True,5,1047.6,692.867143276406,1.5119781767196314,29.207,5,10,1000
25,157,96,PathIntegralAnnealingSampler,True,5,1075.8,728.956309068914,1.4758086137893567,29.242,5,10,1000
25,145,97,PathIntegralAnnealingSampler,True,5,983.6,687.5683810546944,1.4305486219293684,28.988,5,10,1000
25,145,98,PathIntegralAnnealingSampler,True,5,1019.0,714.7358592073996,1.4257015187820736,29.023,5,10,1000
25,145,99,PathIntegralAnnealingSampler,True,5,956.2,608.6435414151038,1.5710344970996049,28.74,5,10,1000
5,5,0,PathIntegralAnnealingSampler,True,5,7.0,7.0,1.0,0.356,5,10,1000
5,8,1,PathIntegralAnnealingSampler,True,5,14.0,13.0,1.0769230769230769,0.359,5,10,1000
5,6,2,PathIntegralAnnealingSampler,True,5,10.0,9.0,1.1111111111111112,0.362,5,10,1000
5,6,3,PathIntegralAnnealingSampler,True,5,9.0,9.0,1.0,0.356,5,10,1000
5,4,4,PathIntegralAnnealingSampler,True,5,5.0,4.5,1.1111111111111112,0.357,5,10,1000
5,5,5,PathIntegralAnnealingSampler,True,5,6.0,6.0,1.0,0.361,5,10,1000
5,6,6,PathIntegralAnnealingSampler,True,5,8.0,8.0,1.0,0.364,5,10,1000
5,6,7,PathIntegralAnnealingSampler,True,5,8.0,8.0,1.0,0.355,5,10,1000
5,6,8,PathIntegralAnnealingSampler,True,5,9.0,8.0,1.125,0.36,5,10,1000
5,5,9,PathIntegralAnnealingSampler,True,5,6.0,6.0,1.0,0.379,5,10,1000
5,5,10,PathIntegralAnnealingSampler,True,5,7.0,6.0,1.1666666666666667,0.358,5,10,1000
5,7,11,PathIntegralAnnealingSampler,True,5,12.0,11.0,1.0909090909090908,0.359,5,10,1000
5,7,12,PathIntegralAnnealingSampler,True,5,11.0,10.0,1.1,0.36,5,10,1000
5,9,13,PathIntegralAnnealingSampler,True,5,16.0,16.0,1.0,0.36,5,10,1000
5,7,14,PathIntegralAnnealingSampler,True,5,10.2,10.0,1.02,0.361,5,10,1000
5,4,15,PathIntegralAnnealingSampler,True,5,6.0,5.0,1.2,0.356,5,10,1000
5,4,16,PathIntegralAnnealingSampler,True,5,4.0,4.0,1.0,0.36,5,10,1000
5,8,17,PathIntegralAnnealingSampler,True,5,13.0,13.0,1.0,0.36,5,10,1000
5,5,18,PathIntegralAnnealingSampler,True,5,8.0,8.0,1.0,0.36,5,10,1000
5,7,19,PathIntegralAnnealingSampler,True,5,12.0,10.0,1.2,0.359,5,10,1000
5,10,20,PathIntegralAnnealingSampler,True,5,20.0,20.0,1.0,0.357,5,10,1000
