n,m,graph_id,solver,penalty,feasible,feasible_seed_count,avg_minla_cost,lower_bound,approx_ratio,time_s,num_seeds,num_reads,num_sweeps,beta_schedule_type,beta_min,beta_max
10,21,0,SimulatedAnnealingSampler,lucas,True,5,55.0,37.0,1.4864864864864864,0.063,5,10,1000,linear,0.1,0.5
10,21,0,SimulatedAnnealingSampler,exact,True,5,67.2,37.0,1.8162162162162163,0.054,5,10,1000,geometric,0.01,0.1
10,25,1,SimulatedAnnealingSampler,lucas,True,5,71.8,50.000000000000014,1.4359999999999995,0.055,5,10,1000,linear,0.1,0.5
10,25,1,SimulatedAnnealingSampler,exact,True,5,74.8,50.000000000000014,1.4959999999999996,0.054,5,10,1000,geometric,0.01,0.1
10,19,2,SimulatedAnnealingSampler,lucas,True,5,53.0,32.0,1.65625,0.058,5,10,1000,linear,0.1,0.5
10,19,2,SimulatedAnnealingSampler,exact,True,5,59.0,32.0,1.84375,0.054,5,10,1000,geometric,0.01,0.1
10,27,3,SimulatedAnnealingSampler,lucas,True,5,81.6,60.58877549200334,1.3467841087293433,0.061,5,10,1000,linear,0.1,0.5
10,27,3,SimulatedAnnealingSampler,exact,True,5,86.6,60.58877549200334,1.4293076448034452,0.049,5,10,1000,geometric,0.01,0.1
10,23,4,SimulatedAnnealingSampler,lucas,True,5,61.6,43.0,1.4325581395348836,0.054,5,10,1000,linear,0.1,0.5
10,23,4,SimulatedAnnealingSampler,exact,True,5,67.4,43.0,1.5674418604651164,0.052,5,10,1000,geometric,0.01,0.1
10,20,5,SimulatedAnnealingSampler,lucas,True,5,43.4,34.0,1.276470588235294,0.058,5,10,1000,linear,0.1,0.5
10,20,5,SimulatedAnnealingSampler,exact,True,5,58.2,34.0,1.711764705882353,0.051,5,10,1000,geometric,0.01,0.1
10,22,6,SimulatedAnnealingSampler,lucas,True,4,59.25,40.0,1.48125,0.06,5,10,1000,linear,0.1,0.5
10,22,6,SimulatedAnnealingSampler,exact,True,5,68.2,40.0,1.705,0.049,5,10,1000,geometric,0.01,0.1
10,20,7,SimulatedAnnealingSampler,lucas,True,5,43.6,35.0,1.2457142857142858,0.056,5,10,1000,linear,0.1,0.5
10,20,7,SimulatedAnnealingSampler,exact,True,5,60.8,35.0,1.737142857142857,0.055,5,10,1000,geometric,0.01,0.1
10,23,8,SimulatedAnnealingSampler,lucas,True,5,62.2,43.0,1.4465116279069767,0.054,5,10,1000,linear,0.1,0.5
10,23,8,SimulatedAnnealingSampler,exact,True,5,73.0,43.0,1.697674418604651,0.048,5,10,1000,geometric,0.01,0.1
10,20,9,SimulatedAnnealingSampler,lucas,True,3,51.0,34.5,1.4782608695652173,0.054,5,10,1000,linear,0.1,0.5
10,20,9,SimulatedAnnealingSampler,exact,True,5,60.2,34.5,1.7449275362318841,0.052,5,10,1000,geometric,0.01,0.1
10,24,10,SimulatedAnnealingSampler,lucas,True,5,61.2,46.0,1.3304347826086957,0.054,5,10,1000,linear,0.1,0.5
10,24,10,SimulatedAnnealingSampler,exact,True,5,71.6,46.0,1.5565217391304347,0.05,5,10,1000,geometric,0.01,0.1
10,25,11,SimulatedAnnealingSampler,lucas,True,5,66.0,50.000000000000014,1.3199999999999996,0.055,5,10,1000,linear,0.1,0.5
10,25,11,SimulatedAnnealingSampler,exact,True,5,77.8,50.000000000000014,1.5559999999999996,0.049,5,10,1000,geometric,0.01,0.1
10,18,12,SimulatedAnnealingSampler,lucas,True,3,42.333333333333336,31.0,1.3655913978494625,0.059,5,10,1000,linear,0.1,0.5
10,18,12,SimulatedAnnealingSampler,exact,True,5,53.0,31.0,1.7096774193548387,0.05,5,10,1000,geometric,0.01,0.1
10,26,13,SimulatedAnnealingSampler,lucas,True,5,78.0,56.630695516535866,1.3773449061247078,0.053,5,10,1000,linear,0.1,0.5
10,26,13,SimulatedAnnealingSampler,exact,True,5,86.4,56.630695516535866,1.5256743575535225,0.049,5,10,1000,geometric,0.01,0.1
10,24,14,SimulatedAnnealingSampler,lucas,True,5,66.2,46.0,1.4391304347826088,0.055,5,10,1000,linear,0.1,0.5
10,24,14,SimulatedAnnealingSampler,exact,True,5,77.0,46.0,1.673913043478261,0.051,5,10,1000,geometric,0.01,0.1
10,22,15,SimulatedAnnealingSampler,lucas,True,5,54.2,40.0,1.355,0.054,5,10,1000,linear,0.1,0.5
10,22,15,SimulatedAnnealingSampler,exact,True,5,64.0,40.0,1.6,0.055,5,10,1000,geometric,0.01,0.1
10,19,16,SimulatedAnnealingSampler,lucas,True,4,50.25,33.0,1.5227272727272727,0.059,5,10,1000,linear,0.1,0.5
10,19,16,SimulatedAnnealingSampler,exact,True,5,58.8,33.0,1.7818181818181817,0.052,5,10,1000,geometric,0.01,0.1
10,18,17,SimulatedAnnealingSampler,lucas,True,4,43.25,30.0,1.4416666666666667,0.06,5,10,1000,linear,0.1,0.5
10,18,17,SimulatedAnnealingSampler,exact,True,5,50.4,30.0,1.68,0.052,5,10,1000,geometric,0.01,0.1
10,18,18,SimulatedAnnealingSampler,lucas,True,2,43.5,31.0,1.403225806451613,0.059,5,10,1000,linear,0.1,0.5
10,18,18,SimulatedAnnealingSampler,exact,True,5,53.4,31.0,1.7225806451612902,0.051,5,10,1000,geometric,0.01,0.1
10,24,19,SimulatedAnnealingSampler,lucas,True,5,67.6,46.0,1.4695652173913043,0.055,5,10,1000,linear,0.1,0.5
10,24,19,SimulatedAnnealingSampler,exact,True,5,76.0,46.0,1.6521739130434783,0.049,5,10,1000,geometric,0.01,0.1
10,15,20,SimulatedAnnealingSampler,lucas,False,0,,25.0,,0.064,5,10,1000,linear,0.1,0.5
10,15,20,SimulatedAnnealingSampler,exact,True,5,42.6,25.0,1.704,0.054,5,10,1000,geometric,0.01,0.1
10,20,21,SimulatedAnnealingSampler,lucas,True,5,51.2,34.0,1.5058823529411764,0.057,5,10,1000,linear,0.1,0.5
10,20,21,SimulatedAnnealingSampler,exact,True,5,59.6,34.0,1.7529411764705882,0.048,5,10,1000,geometric,0.01,0.1
10,28,22,SimulatedAnnealingSampler,lucas,True,5,85.0,62.000000000000014,1.3709677419354835,0.055,5,10,1000,linear,0.1,0.5
10,28,22,SimulatedAnnealingSampler,exact,True,5,90.0,62.000000000000014,1.451612903225806,0.049,5,10,1000,geometric,0.01,0.1
10,20,23,SimulatedAnnealingSampler,lucas,True,3,57.0,34.0,1.6764705882352942,0.062,5,10,1000,linear,0.1,0.5
10,20,23,SimulatedAnnealingSampler,exact,True,5,60.6,34.0,1.7823529411764707,0.052,5,10,1000,geometric,0.01,0.1
10,20,24,SimulatedAnnealingSampler,lucas,True,5,48.0,34.5,1.391304347826087,0.051,5,10,1000,linear,0.1,0.5
10,20,24,SimulatedAnnealingSampler,exact,True,5,56.2,34.5,1.6289855072463768,0.053,5,10,1000,geometric,0.01,0.1
10,28,25,SimulatedAnnealingSampler,lucas,True,5,78.6,62.000000000000014,1.2677419354838706,0.056,5,10,1000,linear,0.1,0.5
10,28,25,SimulatedAnnealingSampler,exact,True,5,93.0,62.000000000000014,1.4999999999999996,0.047,5,10,1000,geometric,0.01,0.1
10,23,26,SimulatedAnnealingSampler,lucas,True,5,61.2,43.0,1.4232558139534885,0.057,5,10,1000,linear,0.1,0.5
10,23,26,SimulatedAnnealingSampler,exact,True,5,68.4,43.0,1.5906976744186048,0.05,5,10,1000,geometric,0.01,0.1
10,20,27,SimulatedAnnealingSampler,lucas,True,5,50.4,34.0,1.4823529411764707,0.055,5,10,1000,linear,0.1,0.5
10,20,27,SimulatedAnnealingSampler,exact,True,5,59.2,34.0,1.7411764705882353,0.051,5,10,1000,geometric,0.01,0.1
10,22,28,SimulatedAnnealingSampler,lucas,True,5,55.0,40.0,1.375,0.053,5,10,1000,linear,0.1,0.5
10,22,28,SimulatedAnnealingSampler,exact,True,5,65.4,40.0,1.6350000000000002,0.049,5,10,1000,geometric,0.01,0.1
10,27,29,SimulatedAnnealingSampler,lucas,True,5,72.2,58.000000000000014,1.2448275862068963,0.055,5,10,1000,linear,0.1,0.5
10,27,29,SimulatedAnnealingSampler,exact,True,5,86.4,58.000000000000014,1.4896551724137927,0.049,5,10,1000,geometric,0.01,0.1
10,23,30,SimulatedAnnealingSampler,lucas,True,5,61.8,43.0,1.4372093023255814,0.055,5,10,1000,linear,0.1,0.5
10,23,30,SimulatedAnnealingSampler,exact,True,5,71.6,43.0,1.6651162790697673,0.051,5,10,1000,geometric,0.01,0.1
10,22,31,SimulatedAnnealingSampler,lucas,True,3,57.666666666666664,40.0,1.4416666666666667,0.062,5,10,1000,linear,0.1,0.5
10,22,31,SimulatedAnnealingSampler,exact,True,5,66.6,40.0,1.6649999999999998,0.051,5,10,1000,geometric,0.01,0.1
10,21,32,SimulatedAnnealingSampler,lucas,True,4,59.75,37.0,1.614864864864865,0.06,5,10,1000,linear,0.1,0.5
10,21,32,SimulatedAnnealingSampler,exact,True,5,66.6,37.0,1.7999999999999998,0.054,5,10,1000,geometric,0.01,0.1
10,21,33,SimulatedAnnealingSampler,lucas,True,5,54.6,37.0,1.4756756756756757,0.057,5,10,1000,linear,0.1,0.5
10,21,33,SimulatedAnnealingSampler,exact,True,5,61.2,37.0,1.654054054054054,0.051,5,10,1000,geometric,0.01,0.1
10,19,34,SimulatedAnnealingSampler,lucas,True,3,45.0,31.0,1.4516129032258065,0.058,5,10,1000,linear,0.1,0.5
10,19,34,SimulatedAnnealingSampler,exact,True,5,54.2,31.0,1.7483870967741937,0.05,5,10,1000,geometric,0.01,0.1
10,29,35,SimulatedAnnealingSampler,lucas,True,5,83.4,66.00000000000001,1.2636363636363634,0.055,5,10,1000,linear,0.1,0.5
10,29,35,SimulatedAnnealingSampler,exact,True,5,92.8,66.00000000000001,1.4060606060606058,0.05,5,10,1000,geometric,0.01,0.1
10,20,36,SimulatedAnnealingSampler,lucas,True,4,52.25,34.0,1.536764705882353,0.057,5,10,1000,linear,0.1,0.5
10,20,36,SimulatedAnnealingSampler,exact,True,5,63.0,34.0,1.8529411764705883,0.052,5,10,1000,geometric,0.01,0.1
10,18,37,SimulatedAnnealingSampler,lucas,True,5,46.4,29.0,1.5999999999999999,0.056,5,10,1000,linear,0.1,0.5
10,18,37,SimulatedAnnealingSampler,exact,True,5,53.4,29.0,1.8413793103448275,0.05,5,10,1000,geometric,0.01,0.1
10,22,38,SimulatedAnnealingSampler,lucas,True,5,52.0,40.0,1.3,0.055,5,10,1000,linear,0.1,0.5
10,22,38,SimulatedAnnealingSampler,exact,True,5,63.8,40.0,1.595,0.051,5,10,1000,geometric,0.01,0.1
10,17,39,SimulatedAnnealingSampler,lucas,True,3,39.666666666666664,28.0,1.4166666666666665,0.064,5,10,1000,linear,0.1,0.5
10,17,39,SimulatedAnnealingSampler,exact,True,5,49.8,28.0,1.7785714285714285,0.061,5,10,1000,geometric,0.01,0.1
10,25,40,SimulatedAnnealingSampler,lucas,True,3,63.0,50.000000000000014,1.2599999999999996,0.058,5,10,1000,linear,0.1,0.5
10,25,40,SimulatedAnnealingSampler,exact,True,5,76.2,50.000000000000014,1.5239999999999996,0.053,5,10,1000,geometric,0.01,0.1
10,23,41,SimulatedAnnealingSampler,lucas,True,4,65.0,43.0,1.5116279069767442,0.061,5,10,1000,linear,0.1,0.5
10,23,41,SimulatedAnnealingSampler,exact,True,5,72.8,43.0,1.6930232558139535,0.053,5,10,1000,geometric,0.01,0.1
10,19,42,SimulatedAnnealingSampler,lucas,True,5,45.8,32.0,1.43125,0.058,5,10,1000,linear,0.1,0.5
10,19,42,SimulatedAnnealingSampler,exact,True,5,58.6,32.0,1.83125,0.052,5,10,1000,geometric,0.01,0.1
10,23,43,SimulatedAnnealingSampler,lucas,True,5,62.2,43.0,1.4465116279069767,0.053,5,10,1000,linear,0.1,0.5
10,23,43,SimulatedAnnealingSampler,exact,True,5,71.8,43.0,1.669767441860465,0.05,5,10,1000,geometric,0.01,0.1
10,19,44,SimulatedAnnealingSampler,lucas,True,3,49.0,32.0,1.53125,0.06,5,10,1000,linear,0.1,0.5
10,19,44,SimulatedAnnealingSampler,exact,True,5,55.0,32.0,1.71875,0.054,5,10,1000,geometric,0.01,0.1
10,22,45,SimulatedAnnealingSampler,lucas,True,5,49.4,40.0,1.2349999999999999,0.057,5,10,1000,linear,0.1,0.5
10,22,45,SimulatedAnnealingSampler,exact,True,5,62.6,40.0,1.565,0.049,5,10,1000,geometric,0.01,0.1
10,22,46,SimulatedAnnealingSampler,lucas,True,5,56.0,40.0,1.4,0.061,5,10,1000,linear,0.1,0.5
10,22,46,SimulatedAnnealingSampler,exact,True,5,64.4,40.0,1.61,0.049,5,10,1000,geometric,0.01,0.1
10,22,47,SimulatedAnnealingSampler,lucas,True,5,52.4,40.0,1.31,0.061,5,10,1000,linear,0.1,0.5
10,22,47,SimulatedAnnealingSampler,exact,True,5,65.8,40.0,1.645,0.048,5,10,1000,geometric,0.01,0.1
10,30,48,SimulatedAnnealingSampler,lucas,True,4,87.5,70.00000000000001,1.2499999999999998,0.053,5,10,1000,linear,0.1,0.5
10,30,48,SimulatedAnnealingSampler,exact,True,5,99.8,70.00000000000001,1.4257142857142855,0.05,5,10,1000,geometric,0.01,0.1
10,24,49,SimulatedAnnealingSampler,lucas,True,3,66.33333333333333,46.0,1.4420289855072463,0.056,5,10,1000,linear,0.1,0.5
10,24,49,SimulatedAnnealingSampler,exact,True,5,75.6,46.0,1.643478260869565,0.053,5,10,1000,geometric,0.01,0.1
10,16,50,SimulatedAnnealingSampler,lucas,False,0,,27.0,,0.061,5,10,1000,linear,0.1,0.5
10,16,50,SimulatedAnnealingSampler,exact,True,5,46.6,27.0,1.725925925925926,0.053,5,10,1000,geometric,0.01,0.1
10,28,51,SimulatedAnnealingSampler,lucas,True,4,85.25,62.000000000000014,1.3749999999999998,0.055,5,10,1000,linear,0.1,0.5
10,28,51,SimulatedAnnealingSampler,exact,True,5,90.6,62.000000000000014,1.4612903225806448,0.051,5,10,1000,geometric,0.01,0.1
10,24,52,SimulatedAnnealingSampler,lucas,True,4,64.75,46.0,1.4076086956521738,0.055,5,10,1000,linear,0.1,0.5
10,24,52,SimulatedAnnealingSampler,exact,True,5,70.8,46.0,1.5391304347826087,0.049,5,10,1000,geometric,0.01,0.1
10,21,53,SimulatedAnnealingSampler,lucas,True,5,54.8,37.0,1.481081081081081,0.055,5,10,1000,linear,0.1,0.5
10,21,53,SimulatedAnnealingSampler,exact,True,5,64.8,37.0,1.7513513513513512,0.051,5,10,1000,geometric,0.01,0.1
10,21,54,SimulatedAnnealingSampler,lucas,True,5,52.0,37.0,1.4054054054054055,0.055,5,10,1000,linear,0.1,0.5
10,21,54,SimulatedAnnealingSampler,exact,True,5,66.0,37.0,1.7837837837837838,0.05,5,10,1000,geometric,0.01,0.1
10,28,55,SimulatedAnnealingSampler,lucas,True,5,76.4,62.000000000000014,1.2322580645161287,0.052,5,10,1000,linear,0.1,0.5
10,28,55,SimulatedAnnealingSampler,exact,True,5,88.0,62.000000000000014,1.419354838709677,0.049,5,10,1000,geometric,0.01,0.1
10,23,56,SimulatedAnnealingSampler,lucas,True,3,56.666666666666664,43.0,1.317829457364341,0.059,5,10,1000,linear,0.1,0.5
10,23,56,SimulatedAnnealingSampler,exact,True,5,72.0,43.0,1.6744186046511629,0.051,5,10,1000,geometric,0.01,0.1
10,18,57,SimulatedAnnealingSampler,lucas,True,2,44.5,31.0,1.435483870967742,0.062,5,10,1000,linear,0.1,0.5
10,18,57,SimulatedAnnealingSampler,exact,True,5,51.6,31.0,1.664516129032258,0.058,5,10,1000,geometric,0.01,0.1
10,21,58,SimulatedAnnealingSampler,lucas,True,4,55.0,37.0,1.4864864864864864,0.06,5,10,1000,linear,0.1,0.5
10,21,58,SimulatedAnnealingSampler,exact,True,5,63.2,37.0,1.7081081081081082,0.049,5,10,1000,geometric,0.01,0.1
10,24,59,SimulatedAnnealingSampler,lucas,True,5,71.6,46.0,1.5565217391304347,0.057,5,10,1000,linear,0.1,0.5
10,24,59,SimulatedAnnealingSampler,exact,True,5,73.4,46.0,1.5956521739130436,0.048,5,10,1000,geometric,0.01,0.1
10,23,60,SimulatedAnnealingSampler,lucas,True,4,64.0,43.0,1.4883720930232558,0.054,5,10,1000,linear,0.1,0.5
10,23,60,SimulatedAnnealingSampler,exact,True,5,71.6,43.0,1.6651162790697673,0.051,5,10,1000,geometric,0.01,0.1
10,26,61,SimulatedAnnealingSampler,lucas,True,4,71.25,54.000000000000014,1.3194444444444442,0.058,5,10,1000,linear,0.1,0.5
10,26,61,SimulatedAnnealingSampler,exact,True,5,81.2,54.000000000000014,1.5037037037037033,0.051,5,10,1000,geometric,0.01,0.1
10,25,62,SimulatedAnnealingSampler,lucas,True,5,71.2,50.000000000000014,1.4239999999999997,0.056,5,10,1000,linear,0.1,0.5
10,25,62,SimulatedAnnealingSampler,exact,True,5,80.2,50.000000000000014,1.6039999999999996,0.048,5,10,1000,geometric,0.01,0.1
10,19,63,SimulatedAnnealingSampler,lucas,True,4,48.5,32.0,1.515625,0.059,5,10,1000,linear,0.1,0.5
10,19,63,SimulatedAnnealingSampler,exact,True,5,54.4,32.0,1.7,0.052,5,10,1000,geometric,0.01,0.1
10,17,64,SimulatedAnnealingSampler,lucas,True,1,45.0,27.0,1.6666666666666667,0.061,5,10,1000,linear,0.1,0.5
10,17,64,SimulatedAnnealingSampler,exact,True,5,49.2,27.0,1.8222222222222224,0.052,5,10,1000,geometric,0.01,0.1
10,24,65,SimulatedAnnealingSampler,lucas,True,5,71.8,46.0,1.5608695652173912,0.059,5,10,1000,linear,0.1,0.5
10,24,65,SimulatedAnnealingSampler,exact,True,5,77.8,46.0,1.691304347826087,0.051,5,10,1000,geometric,0.01,0.1
10,30,66,SimulatedAnnealingSampler,lucas,True,5,87.0,70.00000000000001,1.2428571428571427,0.053,5,10,1000,linear,0.1,0.5
10,30,66,SimulatedAnnealingSampler,exact,True,5,101.0,70.00000000000001,1.4428571428571426,0.052,5,10,1000,geometric,0.01,0.1
10,17,67,SimulatedAnnealingSampler,lucas,True,1,42.0,29.0,1.4482758620689655,0.06,5,10,1000,linear,0.1,0.5
10,17,67,SimulatedAnnealingSampler,exact,True,5,50.4,29.0,1.7379310344827585,0.052,5,10,1000,geometric,0.01,0.1
10,25,68,SimulatedAnnealingSampler,lucas,True,5,67.4,50.000000000000014,1.3479999999999996,0.056,5,10,1000,linear,0.1,0.5
10,25,68,SimulatedAnnealingSampler,exact,True,5,78.4,50.000000000000014,1.5679999999999996,0.049,5,10,1000,geometric,0.01,0.1
10,20,69,SimulatedAnnealingSampler,lucas,True,4,57.5,34.0,1.6911764705882353,0.062,5,10,1000,linear,0.1,0.5
10,20,69,SimulatedAnnealingSampler,exact,True,5,62.4,34.0,1.8352941176470587,0.051,5,10,1000,geometric,0.01,0.1
10,21,70,SimulatedAnnealingSampler,lucas,True,5,55.4,37.0,1.4972972972972973,0.055,5,10,1000,linear,0.1,0.5
10,21,70,SimulatedAnnealingSampler,exact,True,5,63.8,37.0,1.7243243243243243,0.05,5,10,1000,geometric,0.01,0.1
10,18,71,SimulatedAnnealingSampler,lucas,True,5,43.6,28.0,1.5571428571428572,0.058,5,10,1000,linear,0.1,0.5
10,18,71,SimulatedAnnealingSampler,exact,True,5,54.0,28.0,1.9285714285714286,0.051,5,10,1000,geometric,0.01,0.1
10,25,72,SimulatedAnnealingSampler,lucas,True,5,70.0,50.000000000000014,1.3999999999999997,0.056,5,10,1000,linear,0.1,0.5
10,25,72,SimulatedAnnealingSampler,exact,True,5,79.0,50.000000000000014,1.5799999999999996,0.049,5,10,1000,geometric,0.01,0.1
10,22,73,SimulatedAnnealingSampler,lucas,True,3,62.0,40.0,1.55,0.056,5,10,1000,linear,0.1,0.5
10,22,73,SimulatedAnnealingSampler,exact,True,5,72.8,40.0,1.8199999999999998,0.049,5,10,1000,geometric,0.01,0.1
10,27,74,SimulatedAnnealingSampler,lucas,True,5,79.4,58.000000000000014,1.368965517241379,0.055,5,10,1000,linear,0.1,0.5
10,27,74,SimulatedAnnealingSampler,exact,True,5,87.8,58.000000000000014,1.5137931034482754,0.049,5,10,1000,geometric,0.01,0.1
10,24,75,SimulatedAnnealingSampler,lucas,True,5,67.8,46.0,1.4739130434782608,0.056,5,10,1000,linear,0.1,0.5
10,24,75,SimulatedAnnealingSampler,exact,True,5,74.6,46.0,1.6217391304347826,0.05,5,10,1000,geometric,0.01,0.1
10,22,76,SimulatedAnnealingSampler,lucas,True,4,56.75,40.0,1.41875,0.056,5,10,1000,linear,0.1,0.5
10,22,76,SimulatedAnnealingSampler,exact,True,5,62.0,40.0,1.55,0.051,5,10,1000,geometric,0.01,0.1
10,25,77,SimulatedAnnealingSampler,lucas,True,5,65.8,50.000000000000014,1.3159999999999996,0.058,5,10,1000,linear,0.1,0.5
10,25,77,SimulatedAnnealingSampler,exact,True,5,74.4,50.000000000000014,1.4879999999999998,0.05,5,10,1000,geometric,0.01,0.1
10,16,78,SimulatedAnnealingSampler,lucas,False,0,,28.0,,0.069,5,10,1000,linear,0.1,0.5
10,16,78,SimulatedAnnealingSampler,exact,True,5,46.2,28.0,1.6500000000000001,0.051,5,10,1000,geometric,0.01,0.1
10,19,79,SimulatedAnnealingSampler,lucas,True,5,51.8,31.0,1.6709677419354838,0.056,5,10,1000,linear,0.1,0.5
10,19,79,SimulatedAnnealingSampler,exact,True,5,58.6,31.0,1.8903225806451613,0.051,5,10,1000,geometric,0.01,0.1
10,22,80,SimulatedAnnealingSampler,lucas,True,5,59.4,40.0,1.4849999999999999,0.054,5,10,1000,linear,0.1,0.5
10,22,80,SimulatedAnnealingSampler,exact,True,5,69.6,40.0,1.7399999999999998,0.052,5,10,1000,geometric,0.01,0.1
10,19,81,SimulatedAnnealingSampler,lucas,True,5,45.8,31.0,1.4774193548387096,0.054,5,10,1000,linear,0.1,0.5
10,19,81,SimulatedAnnealingSampler,exact,True,5,58.6,31.0,1.8903225806451613,0.052,5,10,1000,geometric,0.01,0.1
10,18,82,SimulatedAnnealingSampler,lucas,True,2,40.0,31.0,1.2903225806451613,0.06,5,10,1000,linear,0.1,0.5
10,18,82,SimulatedAnnealingSampler,exact,True,5,52.2,31.0,1.6838709677419357,0.052,5,10,1000,geometric,0.01,0.1
10,27,83,SimulatedAnnealingSampler,lucas,True,5,79.8,58.000000000000014,1.3758620689655168,0.055,5,10,1000,linear,0.1,0.5
10,27,83,SimulatedAnnealingSampler,exact,True,5,86.2,58.000000000000014,1.4862068965517239,0.048,5,10,1000,geometric,0.01,0.1
10,23,84,SimulatedAnnealingSampler,lucas,True,4,58.75,43.0,1.3662790697674418,0.059,5,10,1000,linear,0.1,0.5
10,23,84,SimulatedAnnealingSampler,exact,True,5,71.4,43.0,1.66046511627907,0.049,5,10,1000,geometric,0.01,0.1
10,23,85,SimulatedAnnealingSampler,lucas,True,5,60.8,43.0,1.413953488372093,0.054,5,10,1000,linear,0.1,0.5
10,23,85,SimulatedAnnealingSampler,exact,True,5,70.6,43.0,1.641860465116279,0.051,5,10,1000,geometric,0.01,0.1
10,24,86,SimulatedAnnealingSampler,lucas,True,5,60.0,46.0,1.3043478260869565,0.053,5,10,1000,linear,0.1,0.5
10,24,86,SimulatedAnnealingSampler,exact,True,5,79.8,46.0,1.7347826086956522,0.052,5,10,1000,geometric,0.01,0.1
10,22,87,SimulatedAnnealingSampler,lucas,True,5,57.2,40.0,1.4300000000000002,0.051,5,10,1000,linear,0.1,0.5
10,22,87,SimulatedAnnealingSampler,exact,True,5,70.2,40.0,1.7550000000000001,0.056,5,10,1000,geometric,0.01,0.1
10,23,88,SimulatedAnnealingSampler,lucas,True,5,53.0,43.0,1.2325581395348837,0.059,5,10,1000,linear,0.1,0.5
10,23,88,SimulatedAnnealingSampler,exact,True,5,71.8,43.0,1.669767441860465,0.05,5,10,1000,geometric,0.01,0.1
10,20,89,SimulatedAnnealingSampler,lucas,True,5,51.4,34.0,1.511764705882353,0.058,5,10,1000,linear,0.1,0.5
10,20,89,SimulatedAnnealingSampler,exact,True,5,60.4,34.0,1.776470588235294,0.052,5,10,1000,geometric,0.01,0.1
10,22,90,SimulatedAnnealingSampler,lucas,True,4,64.0,40.0,1.6,0.057,5,10,1000,linear,0.1,0.5
10,22,90,SimulatedAnnealingSampler,exact,True,5,69.0,40.0,1.725,0.05,5,10,1000,geometric,0.01,0.1
10,24,91,SimulatedAnnealingSampler,lucas,True,5,58.0,46.0,1.2608695652173914,0.054,5,10,1000,linear,0.1,0.5
10,24,91,SimulatedAnnealingSampler,exact,True,5,77.4,46.0,1.682608695652174,0.049,5,10,1000,geometric,0.01,0.1
10,23,92,SimulatedAnnealingSampler,lucas,True,5,60.2,43.0,1.4000000000000001,0.055,5,10,1000,linear,0.1,0.5
10,23,92,SimulatedAnnealingSampler,exact,True,5,73.6,43.0,1.7116279069767442,0.051,5,10,1000,geometric,0.01,0.1
10,27,93,SimulatedAnnealingSampler,lucas,True,5,73.4,58.000000000000014,1.26551724137931,0.053,5,10,1000,linear,0.1,0.5
10,27,93,SimulatedAnnealingSampler,exact,True,5,87.0,58.000000000000014,1.4999999999999996,0.05,5,10,1000,geometric,0.01,0.1
10,25,94,SimulatedAnnealingSampler,lucas,True,5,64.4,50.000000000000014,1.2879999999999998,0.052,5,10,1000,linear,0.1,0.5
10,25,94,SimulatedAnnealingSampler,exact,True,5,75.6,50.000000000000014,1.5119999999999996,0.051,5,10,1000,geometric,0.01,0.1
10,26,95,SimulatedAnnealingSampler,lucas,True,4,79.0,54.000000000000014,1.4629629629629626,0.055,5,10,1000,linear,0.1,0.5
10,26,95,SimulatedAnnealingSampler,exact,True,5,84.0,54.000000000000014,1.5555555555555551,0.05,5,10,1000,geometric,0.01,0.1
10,24,96,SimulatedAnnealingSampler,lucas,True,5,63.8,46.0,1.3869565217391304,0.055,5,10,1000,linear,0.1,0.5
10,24,96,SimulatedAnnealingSampler,exact,True,5,74.6,46.0,1.6217391304347826,0.049,5,10,1000,geometric,0.01,0.1
10,25,97,SimulatedAnnealingSampler,lucas,True,5,69.4,50.000000000000014,1.3879999999999997,0.056,5,10,1000,linear,0.1,0.5
10,25,97,SimulatedAnnealingSampler,exact,True,5,78.2,50.000000000000014,1.5639999999999996,0.052,5,10,1000,geometric,0.01,0.1
10,21,98,SimulatedAnnealingSampler,lucas,True,5,59.0,37.619145031507024,1.5683503692225313,0.064,5,10,1000,linear,0.1,0.5
10,21,98,SimulatedAnnealingSampler,exact,True,5,65.2,37.619145031507024,1.7331600690391364,0.052,5,10,1000,geometric,0.01,0.1
10,25,99,SimulatedAnnealingSampler,lucas,True,5,60.2,50.000000000000014,1.2039999999999997,0.052,5,10,1000,linear,0.1,0.5
10,25,99,SimulatedAnnealingSampler,exact,True,5,77.4,50.000000000000014,1.5479999999999996,0.049,5,10,1000,geometric,0.01,0.1
15,52,0,SimulatedAnnealingSampler,lucas,True,4,198.25,130.0,1.525,0.112,5,10,1000,linear,0.1,0.5
15,52,0,SimulatedAnnealingSampler,exact,True,2,262.5,130.0,2.019230769230769,0.078,5,10,1000,geometric,0.01,0.1
15,57,1,SimulatedAnnealingSampler,lucas,True,5,220.2,158.44971975379113,1.389715301119877,0.113,5,10,1000,linear,0.1,0.5
15,57,1,SimulatedAnnealingSampler,exact,True,2,296.5,158.44971975379113,1.8712560707631407,0.075,5,10,1000,geometric,0.01,0.1
15,48,2,SimulatedAnnealingSampler,lucas,True,5,177.6,117.12997260862763,1.5162643347781184,0.113,5,10,1000,linear,0.1,0.5
15,48,2,SimulatedAnnealingSampler,exact,True,4,248.25,117.12997260862763,2.119440434170427,0.078,5,10,1000,geometric,0.01,0.1
15,52,3,SimulatedAnnealingSampler,lucas,True,5,197.8,130.0,1.5215384615384617,0.111,5,10,1000,linear,0.1,0.5
15,52,3,SimulatedAnnealingSampler,exact,True,1,234.0,130.0,1.8,0.074,5,10,1000,geometric,0.01,0.1
15,53,4,SimulatedAnnealingSampler,lucas,True,5,198.8,135.0,1.4725925925925927,0.106,5,10,1000,linear,0.1,0.5
15,53,4,SimulatedAnnealingSampler,exact,True,4,303.5,135.0,2.248148148148148,0.079,5,10,1000,geometric,0.01,0.1
15,51,5,SimulatedAnnealingSampler,lucas,True,5,187.6,125.0,1.5008,0.116,5,10,1000,linear,0.1,0.5
15,51,5,SimulatedAnnealingSampler,exact,True,3,279.3333333333333,125.0,2.2346666666666666,0.08,5,10,1000,geometric,0.01,0.1
15,51,6,SimulatedAnnealingSampler,lucas,True,5,183.2,125.0,1.4656,0.111,5,10,1000,linear,0.1,0.5
15,51,6,SimulatedAnnealingSampler,exact,True,3,272.0,125.0,2.176,0.076,5,10,1000,geometric,0.01,0.1
15,45,7,SimulatedAnnealingSampler,lucas,True,2,176.5,128.3015133988632,1.3756657682696039,0.125,5,10,1000,linear,0.1,0.5
15,45,7,SimulatedAnnealingSampler,exact,True,5,233.6,128.3015133988632,1.8207111811205634,0.081,5,10,1000,geometric,0.01,0.1
15,44,8,SimulatedAnnealingSampler,lucas,True,5,186.8,120.09240222499979,1.555468926752084,0.126,5,10,1000,linear,0.1,0.5
15,44,8,SimulatedAnnealingSampler,exact,True,5,215.2,120.09240222499979,1.7919534959156769,0.082,5,10,1000,geometric,0.01,0.1
15,55,9,SimulatedAnnealingSampler,lucas,True,5,205.0,145.0,1.4137931034482758,0.116,5,10,1000,linear,0.1,0.5
15,55,9,SimulatedAnnealingSampler,exact,True,3,294.6666666666667,145.0,2.032183908045977,0.076,5,10,1000,geometric,0.01,0.1
15,50,10,SimulatedAnnealingSampler,lucas,True,5,189.8,120.00000000000006,1.581666666666666,0.111,5,10,1000,linear,0.1,0.5
15,50,10,SimulatedAnnealingSampler,exact,True,4,257.0,120.00000000000006,2.1416666666666657,0.078,5,10,1000,geometric,0.01,0.1
15,54,11,SimulatedAnnealingSampler,lucas,True,5,215.8,146.03235648319463,1.4777546921584752,0.109,5,10,1000,linear,0.1,0.5
15,54,11,SimulatedAnnealingSampler,exact,True,4,280.25,146.03235648319463,1.9190952385422275,0.076,5,10,1000,geometric,0.01,0.1
15,54,12,SimulatedAnnealingSampler,lucas,True,5,209.6,140.0,1.497142857142857,0.111,5,10,1000,linear,0.1,0.5
15,54,12,SimulatedAnnealingSampler,exact,True,5,279.2,140.0,1.9942857142857142,0.074,5,10,1000,geometric,0.01,0.1
15,55,13,SimulatedAnnealingSampler,lucas,True,5,219.8,149.06043865626646,1.4745696576598641,0.115,5,10,1000,linear,0.1,0.5
15,55,13,SimulatedAnnealingSampler,exact,True,1,314.0,149.06043865626646,2.1065280823712342,0.076,5,10,1000,geometric,0.01,0.1
15,46,14,SimulatedAnnealingSampler,lucas,True,1,174.0,104.00000000000006,1.6730769230769222,0.111,5,10,1000,linear,0.1,0.5
15,46,14,SimulatedAnnealingSampler,exact,True,4,226.5,104.00000000000006,2.177884615384614,0.077,5,10,1000,geometric,0.01,0.1
15,53,15,SimulatedAnnealingSampler,lucas,True,3,211.0,135.0,1.5629629629629629,0.111,5,10,1000,linear,0.1,0.5
15,53,15,SimulatedAnnealingSampler,exact,True,3,286.3333333333333,135.0,2.1209876543209876,0.077,5,10,1000,geometric,0.01,0.1
15,46,16,SimulatedAnnealingSampler,lucas,True,5,174.6,104.00000000000006,1.6788461538461528,0.11,5,10,1000,linear,0.1,0.5
15,46,16,SimulatedAnnealingSampler,exact,True,5,239.0,104.00000000000006,2.298076923076922,0.078,5,10,1000,geometric,0.01,0.1
15,50,17,SimulatedAnnealingSampler,lucas,True,5,171.6,120.00000000000006,1.4299999999999993,0.107,5,10,1000,linear,0.1,0.5
15,50,17,SimulatedAnnealingSampler,exact,True,4,251.25,120.00000000000006,2.093749999999999,0.082,5,10,1000,geometric,0.01,0.1
15,50,18,SimulatedAnnealingSampler,lucas,True,5,188.8,120.38148166294452,1.5683475347862899,0.11,5,10,1000,linear,0.1,0.5
15,50,18,SimulatedAnnealingSampler,exact,True,3,240.0,120.38148166294452,1.9936621204910465,0.081,5,10,1000,geometric,0.01,0.1
15,50,19,SimulatedAnnealingSampler,lucas,True,5,187.2,120.00000000000006,1.5599999999999992,0.115,5,10,1000,linear,0.1,0.5
15,50,19,SimulatedAnnealingSampler,exact,True,4,273.0,120.00000000000006,2.274999999999999,0.079,5,10,1000,geometric,0.01,0.1
15,50,20,SimulatedAnnealingSampler,lucas,True,5,173.8,120.00000000000006,1.4483333333333328,0.117,5,10,1000,linear,0.1,0.5
15,50,20,SimulatedAnnealingSampler,exact,True,4,249.75,120.00000000000006,2.081249999999999,0.077,5,10,1000,geometric,0.01,0.1
15,60,21,SimulatedAnnealingSampler,lucas,True,5,243.2,170.0,1.4305882352941175,0.107,5,10,1000,linear,0.1,0.5
15,60,21,SimulatedAnnealingSampler,exact,True,2,296.5,170.0,1.7441176470588236,0.075,5,10,1000,geometric,0.01,0.1
15,54,22,SimulatedAnnealingSampler,lucas,True,5,215.6,140.0,1.54,0.112,5,10,1000,linear,0.1,0.5
15,54,22,SimulatedAnnealingSampler,exact,True,3,281.0,140.0,2.007142857142857,0.076,5,10,1000,geometric,0.01,0.1
15,50,23,SimulatedAnnealingSampler,lucas,True,4,197.5,131.60900488769335,1.500657194152739,0.116,5,10,1000,linear,0.1,0.5
15,50,23,SimulatedAnnealingSampler,exact,True,2,261.5,131.60900488769335,1.9869461077009682,0.075,5,10,1000,geometric,0.01,0.1
15,57,24,SimulatedAnnealingSampler,lucas,True,5,231.4,155.0,1.4929032258064516,0.113,5,10,1000,linear,0.1,0.5
15,57,24,SimulatedAnnealingSampler,exact,True,2,301.0,155.0,1.9419354838709677,0.074,5,10,1000,geometric,0.01,0.1
15,48,25,SimulatedAnnealingSampler,lucas,True,5,182.2,115.97929363272009,1.5709700783054064,0.118,5,10,1000,linear,0.1,0.5
15,48,25,SimulatedAnnealingSampler,exact,True,5,231.8,115.97929363272009,1.9986326243204897,0.077,5,10,1000,geometric,0.01,0.1
15,58,26,SimulatedAnnealingSampler,lucas,True,5,234.0,165.2615534362208,1.4159373135162219,0.113,5,10,1000,linear,0.1,0.5
15,58,26,SimulatedAnnealingSampler,exact,False,0,,165.2615534362208,,0.076,5,10,1000,geometric,0.01,0.1
15,49,27,SimulatedAnnealingSampler,lucas,True,5,174.6,116.00000000000006,1.5051724137931026,0.11,5,10,1000,linear,0.1,0.5
15,49,27,SimulatedAnnealingSampler,exact,True,4,245.5,116.00000000000006,2.1163793103448265,0.077,5,10,1000,geometric,0.01,0.1
15,55,28,SimulatedAnnealingSampler,lucas,True,5,205.4,145.0,1.416551724137931,0.114,5,10,1000,linear,0.1,0.5
15,55,28,SimulatedAnnealingSampler,exact,True,2,287.0,145.0,1.9793103448275862,0.074,5,10,1000,geometric,0.01,0.1
15,53,29,SimulatedAnnealingSampler,lucas,True,5,207.6,140.06484781312813,1.4821706034120423,0.11,5,10,1000,linear,0.1,0.5
15,53,29,SimulatedAnnealingSampler,exact,True,3,284.0,140.06484781312813,2.0276322320280347,0.077,5,10,1000,geometric,0.01,0.1
15,45,30,SimulatedAnnealingSampler,lucas,True,3,162.0,100.00000000000006,1.619999999999999,0.12,5,10,1000,linear,0.1,0.5
15,45,30,SimulatedAnnealingSampler,exact,True,5,231.6,100.00000000000006,2.3159999999999985,0.077,5,10,1000,geometric,0.01,0.1
15,55,31,SimulatedAnnealingSampler,lucas,True,5,218.2,145.0,1.5048275862068965,0.114,5,10,1000,linear,0.1,0.5
15,55,31,SimulatedAnnealingSampler,exact,True,4,278.5,145.0,1.9206896551724137,0.076,5,10,1000,geometric,0.01,0.1
15,57,32,SimulatedAnnealingSampler,lucas,True,4,227.25,155.0,1.4661290322580645,0.115,5,10,1000,linear,0.1,0.5
15,57,32,SimulatedAnnealingSampler,exact,True,1,288.0,155.0,1.8580645161290323,0.074,5,10,1000,geometric,0.01,0.1
15,53,33,SimulatedAnnealingSampler,lucas,True,5,197.2,135.0,1.4607407407407407,0.111,5,10,1000,linear,0.1,0.5
15,53,33,SimulatedAnnealingSampler,exact,True,5,271.8,135.0,2.013333333333333,0.076,5,10,1000,geometric,0.01,0.1
15,38,34,SimulatedAnnealingSampler,lucas,True,3,145.0,73.97972910718417,1.9599963631918604,0.129,5,10,1000,linear,0.1,0.5
15,38,34,SimulatedAnnealingSampler,exact,True,5,186.6,73.97972910718417,2.5223125611834565,0.085,5,10,1000,geometric,0.01,0.1
15,50,35,SimulatedAnnealingSampler,lucas,True,5,194.0,120.00000000000006,1.6166666666666658,0.111,5,10,1000,linear,0.1,0.5
15,50,35,SimulatedAnnealingSampler,exact,True,3,263.3333333333333,120.00000000000006,2.1944444444444433,0.076,5,10,1000,geometric,0.01,0.1
15,51,36,SimulatedAnnealingSampler,lucas,True,5,198.6,125.0,1.5888,0.11,5,10,1000,linear,0.1,0.5
15,51,36,SimulatedAnnealingSampler,exact,True,2,281.0,125.0,2.248,0.077,5,10,1000,geometric,0.01,0.1
15,56,37,SimulatedAnnealingSampler,lucas,True,5,221.4,150.0,1.476,0.108,5,10,1000,linear,0.1,0.5
15,56,37,SimulatedAnnealingSampler,exact,True,4,271.0,150.0,1.8066666666666666,0.077,5,10,1000,geometric,0.01,0.1
15,53,38,SimulatedAnnealingSampler,lucas,True,5,203.2,135.0,1.5051851851851852,0.104,5,10,1000,linear,0.1,0.5
15,53,38,SimulatedAnnealingSampler,exact,True,3,267.3333333333333,135.0,1.9802469135802467,0.076,5,10,1000,geometric,0.01,0.1
15,48,39,SimulatedAnnealingSampler,lucas,True,2,188.5,112.00000000000006,1.6830357142857135,0.119,5,10,1000,linear,0.1,0.5
15,48,39,SimulatedAnnealingSampler,exact,True,5,252.8,112.00000000000006,2.2571428571428562,0.082,5,10,1000,geometric,0.01,0.1
15,58,40,SimulatedAnnealingSampler,lucas,True,5,222.2,160.0,1.38875,0.114,5,10,1000,linear,0.1,0.5
15,58,40,SimulatedAnnealingSampler,exact,True,3,294.0,160.0,1.8375,0.073,5,10,1000,geometric,0.01,0.1
15,61,41,SimulatedAnnealingSampler,lucas,True,5,235.4,176.0,1.3375000000000001,0.106,5,10,1000,linear,0.1,0.5
15,61,41,SimulatedAnnealingSampler,exact,True,3,312.0,176.0,1.7727272727272727,0.075,5,10,1000,geometric,0.01,0.1
15,55,42,SimulatedAnnealingSampler,lucas,True,5,213.4,145.0,1.4717241379310346,0.106,5,10,1000,linear,0.1,0.5
15,55,42,SimulatedAnnealingSampler,exact,True,4,288.75,145.0,1.9913793103448276,0.077,5,10,1000,geometric,0.01,0.1
15,55,43,SimulatedAnnealingSampler,lucas,True,5,217.2,153.7294979104635,1.4128713288747197,0.113,5,10,1000,linear,0.1,0.5
15,55,43,SimulatedAnnealingSampler,exact,True,1,315.0,153.7294979104635,2.0490537228155463,0.073,5,10,1000,geometric,0.01,0.1
15,56,44,SimulatedAnnealingSampler,lucas,True,5,221.0,150.0,1.4733333333333334,0.11,5,10,1000,linear,0.1,0.5
15,56,44,SimulatedAnnealingSampler,exact,True,3,296.0,150.0,1.9733333333333334,0.075,5,10,1000,geometric,0.01,0.1
15,48,45,SimulatedAnnealingSampler,lucas,True,5,187.4,116.86219157325144,1.6035981995300348,0.112,5,10,1000,linear,0.1,0.5
15,48,45,SimulatedAnnealingSampler,exact,True,4,255.25,116.86219157325144,2.1841965871400286,0.079,5,10,1000,geometric,0.01,0.1
15,54,46,SimulatedAnnealingSampler,lucas,True,5,215.0,140.0,1.5357142857142858,0.113,5,10,1000,linear,0.1,0.5
15,54,46,SimulatedAnnealingSampler,exact,True,4,286.25,140.0,2.044642857142857,0.084,5,10,1000,geometric,0.01,0.1
15,48,47,SimulatedAnnealingSampler,lucas,True,5,176.0,116.66655008145095,1.508572936091153,0.118,5,10,1000,linear,0.1,0.5
15,48,47,SimulatedAnnealingSampler,exact,True,4,243.0,116.66655008145095,2.082859224262217,0.082,5,10,1000,geometric,0.01,0.1
15,56,48,SimulatedAnnealingSampler,lucas,True,5,208.4,150.0,1.3893333333333333,0.111,5,10,1000,linear,0.1,0.5
15,56,48,SimulatedAnnealingSampler,exact,True,2,291.0,150.0,1.94,0.076,5,10,1000,geometric,0.01,0.1
15,47,49,SimulatedAnnealingSampler,lucas,True,5,165.2,108.00000000000006,1.5296296296296288,0.112,5,10,1000,linear,0.1,0.5
15,47,49,SimulatedAnnealingSampler,exact,True,4,237.0,108.00000000000006,2.1944444444444433,0.083,5,10,1000,geometric,0.01,0.1
15,53,50,SimulatedAnnealingSampler,lucas,True,5,206.0,135.0,1.525925925925926,0.115,5,10,1000,linear,0.1,0.5
15,53,50,SimulatedAnnealingSampler,exact,True,1,286.0,135.0,2.1185185185185187,0.077,5,10,1000,geometric,0.01,0.1
15,52,51,SimulatedAnnealingSampler,lucas,True,5,193.8,130.0,1.4907692307692308,0.116,5,10,1000,linear,0.1,0.5
15,52,51,SimulatedAnnealingSampler,exact,True,4,251.0,130.0,1.9307692307692308,0.084,5,10,1000,geometric,0.01,0.1
15,51,52,SimulatedAnnealingSampler,lucas,True,4,202.5,130.30859168035425,1.5540034420503184,0.118,5,10,1000,linear,0.1,0.5
15,51,52,SimulatedAnnealingSampler,exact,True,3,249.0,130.30859168035425,1.9108486768915027,0.078,5,10,1000,geometric,0.01,0.1
15,51,53,SimulatedAnnealingSampler,lucas,True,5,197.0,125.0,1.576,0.118,5,10,1000,linear,0.1,0.5
15,51,53,SimulatedAnnealingSampler,exact,True,4,252.25,125.0,2.018,0.079,5,10,1000,geometric,0.01,0.1
15,51,54,SimulatedAnnealingSampler,lucas,True,5,193.6,125.0,1.5488,0.112,5,10,1000,linear,0.1,0.5
15,51,54,SimulatedAnnealingSampler,exact,True,4,272.5,125.0,2.18,0.077,5,10,1000,geometric,0.01,0.1
15,61,55,SimulatedAnnealingSampler,lucas,True,5,251.8,176.0,1.4306818181818182,0.11,5,10,1000,linear,0.1,0.5
15,61,55,SimulatedAnnealingSampler,exact,False,0,,176.0,,0.075,5,10,1000,geometric,0.01,0.1
15,52,56,SimulatedAnnealingSampler,lucas,True,5,178.6,130.0,1.3738461538461537,0.117,5,10,1000,linear,0.1,0.5
15,52,56,SimulatedAnnealingSampler,exact,True,1,284.0,130.0,2.1846153846153844,0.083,5,10,1000,geometric,0.01,0.1
15,50,57,SimulatedAnnealingSampler,lucas,True,4,196.5,123.42284518898988,1.592087750846381,0.113,5,10,1000,linear,0.1,0.5
15,50,57,SimulatedAnnealingSampler,exact,True,3,252.0,123.42284518898988,2.0417613903984124,0.079,5,10,1000,geometric,0.01,0.1
15,61,58,SimulatedAnnealingSampler,lucas,True,5,246.8,179.07195875278134,1.3782169007305098,0.118,5,10,1000,linear,0.1,0.5
15,61,58,SimulatedAnnealingSampler,exact,True,1,304.0,179.07195875278134,1.6976415632985211,0.077,5,10,1000,geometric,0.01,0.1
15,57,59,SimulatedAnnealingSampler,lucas,True,4,242.0,155.0,1.5612903225806452,0.112,5,10,1000,linear,0.1,0.5
15,57,59,SimulatedAnnealingSampler,exact,False,0,,155.0,,0.079,5,10,1000,geometric,0.01,0.1
15,52,60,SimulatedAnnealingSampler,lucas,True,5,195.2,130.0,1.5015384615384615,0.123,5,10,1000,linear,0.1,0.5
15,52,60,SimulatedAnnealingSampler,exact,True,4,287.5,130.0,2.2115384615384617,0.076,5,10,1000,geometric,0.01,0.1
15,42,61,SimulatedAnnealingSampler,lucas,True,5,156.6,88.70431474215995,1.765415813821401,0.112,5,10,1000,linear,0.1,0.5
15,42,61,SimulatedAnnealingSampler,exact,True,5,209.8,88.70431474215995,2.365161160534674,0.088,5,10,1000,geometric,0.01,0.1
15,51,62,SimulatedAnnealingSampler,lucas,True,5,197.2,125.0,1.5776,0.121,5,10,1000,linear,0.1,0.5
15,51,62,SimulatedAnnealingSampler,exact,True,4,270.25,125.0,2.162,0.078,5,10,1000,geometric,0.01,0.1
15,56,63,SimulatedAnnealingSampler,lucas,True,5,221.6,150.0,1.4773333333333334,0.113,5,10,1000,linear,0.1,0.5
15,56,63,SimulatedAnnealingSampler,exact,True,3,283.6666666666667,150.0,1.8911111111111112,0.08,5,10,1000,geometric,0.01,0.1
15,51,64,SimulatedAnnealingSampler,lucas,True,5,192.6,125.0,1.5408,0.116,5,10,1000,linear,0.1,0.5
15,51,64,SimulatedAnnealingSampler,exact,True,4,270.25,125.0,2.162,0.077,5,10,1000,geometric,0.01,0.1
15,56,65,SimulatedAnnealingSampler,lucas,True,4,227.75,150.0,1.5183333333333333,0.124,5,10,1000,linear,0.1,0.5
15,56,65,SimulatedAnnealingSampler,exact,True,4,288.0,150.0,1.92,0.074,5,10,1000,geometric,0.01,0.1
15,49,66,SimulatedAnnealingSampler,lucas,True,5,187.6,116.00000000000006,1.617241379310344,0.11,5,10,1000,linear,0.1,0.5
15,49,66,SimulatedAnnealingSampler,exact,True,4,253.75,116.00000000000006,2.187499999999999,0.085,5,10,1000,geometric,0.01,0.1
15,57,67,SimulatedAnnealingSampler,lucas,True,5,216.2,155.0,1.3948387096774193,0.109,5,10,1000,linear,0.1,0.5
15,57,67,SimulatedAnnealingSampler,exact,True,3,308.3333333333333,155.0,1.9892473118279568,0.08,5,10,1000,geometric,0.01,0.1
15,56,68,SimulatedAnnealingSampler,lucas,True,5,235.8,160.87286447558742,1.465753722783887,0.109,5,10,1000,linear,0.1,0.5
15,56,68,SimulatedAnnealingSampler,exact,True,3,281.6666666666667,160.87286447558742,1.7508649925818274,0.075,5,10,1000,geometric,0.01,0.1
15,57,69,SimulatedAnnealingSampler,lucas,True,5,222.4,155.0,1.4348387096774193,0.114,5,10,1000,linear,0.1,0.5
15,57,69,SimulatedAnnealingSampler,exact,True,2,300.5,155.0,1.9387096774193548,0.076,5,10,1000,geometric,0.01,0.1
15,58,70,SimulatedAnnealingSampler,lucas,True,5,233.0,160.0,1.45625,0.109,5,10,1000,linear,0.1,0.5
15,58,70,SimulatedAnnealingSampler,exact,True,3,307.6666666666667,160.0,1.9229166666666668,0.074,5,10,1000,geometric,0.01,0.1
15,53,71,SimulatedAnnealingSampler,lucas,True,5,208.4,135.0,1.5437037037037038,0.122,5,10,1000,linear,0.1,0.5
15,53,71,SimulatedAnnealingSampler,exact,True,3,273.3333333333333,135.0,2.024691358024691,0.079,5,10,1000,geometric,0.01,0.1
15,53,72,SimulatedAnnealingSampler,lucas,True,5,203.2,135.0,1.5051851851851852,0.108,5,10,1000,linear,0.1,0.5
15,53,72,SimulatedAnnealingSampler,exact,True,3,271.3333333333333,135.0,2.0098765432098764,0.078,5,10,1000,geometric,0.01,0.1
15,56,73,SimulatedAnnealingSampler,lucas,True,5,229.4,150.0,1.5293333333333334,0.12,5,10,1000,linear,0.1,0.5
15,56,73,SimulatedAnnealingSampler,exact,True,1,295.0,150.0,1.9666666666666666,0.076,5,10,1000,geometric,0.01,0.1
15,52,74,SimulatedAnnealingSampler,lucas,True,5,193.6,130.0,1.4892307692307691,0.11,5,10,1000,linear,0.1,0.5
15,52,74,SimulatedAnnealingSampler,exact,True,4,265.0,130.0,2.0384615384615383,0.084,5,10,1000,geometric,0.01,0.1
15,50,75,SimulatedAnnealingSampler,lucas,True,4,192.25,121.89180592206328,1.5772184073056004,0.125,5,10,1000,linear,0.1,0.5
15,50,75,SimulatedAnnealingSampler,exact,True,5,262.4,121.89180592206328,2.152728791037657,0.081,5,10,1000,geometric,0.01,0.1
15,51,76,SimulatedAnnealingSampler,lucas,True,5,185.0,125.0,1.48,0.115,5,10,1000,linear,0.1,0.5
15,51,76,SimulatedAnnealingSampler,exact,True,4,255.0,125.0,2.04,0.089,5,10,1000,geometric,0.01,0.1
15,45,77,SimulatedAnnealingSampler,lucas,True,5,168.6,100.69665652723057,1.674335631535163,0.124,5,10,1000,linear,0.1,0.5
15,45,77,SimulatedAnnealingSampler,exact,True,5,232.2,100.69665652723057,2.305935549480812,0.088,5,10,1000,geometric,0.01,0.1
15,41,78,SimulatedAnnealingSampler,lucas,True,4,141.0,84.00000000000006,1.6785714285714275,0.127,5,10,1000,linear,0.1,0.5
15,41,78,SimulatedAnnealingSampler,exact,True,5,195.6,84.00000000000006,2.328571428571427,0.082,5,10,1000,geometric,0.01,0.1
15,54,79,SimulatedAnnealingSampler,lucas,True,5,210.4,140.0,1.502857142857143,0.11,5,10,1000,linear,0.1,0.5
15,54,79,SimulatedAnnealingSampler,exact,True,1,276.0,140.0,1.9714285714285715,0.083,5,10,1000,geometric,0.01,0.1
15,47,80,SimulatedAnnealingSampler,lucas,True,5,170.0,108.00000000000006,1.5740740740740733,0.114,5,10,1000,linear,0.1,0.5
15,47,80,SimulatedAnnealingSampler,exact,True,4,236.75,108.00000000000006,2.1921296296296284,0.082,5,10,1000,geometric,0.01,0.1
15,63,81,SimulatedAnnealingSampler,lucas,True,5,262.8,188.0,1.397872340425532,0.112,5,10,1000,linear,0.1,0.5
15,63,81,SimulatedAnnealingSampler,exact,True,2,333.5,188.0,1.773936170212766,0.072,5,10,1000,geometric,0.01,0.1
15,49,82,SimulatedAnnealingSampler,lucas,True,5,192.8,130.11076143410978,1.481814400860586,0.122,5,10,1000,linear,0.1,0.5
15,49,82,SimulatedAnnealingSampler,exact,True,4,251.5,130.11076143410978,1.932968474151646,0.079,5,10,1000,geometric,0.01,0.1
15,53,83,SimulatedAnnealingSampler,lucas,True,5,206.6,135.0,1.5303703703703704,0.113,5,10,1000,linear,0.1,0.5
15,53,83,SimulatedAnnealingSampler,exact,True,4,268.5,135.0,1.988888888888889,0.084,5,10,1000,geometric,0.01,0.1
15,49,84,SimulatedAnnealingSampler,lucas,True,5,179.6,116.00000000000006,1.5482758620689647,0.11,5,10,1000,linear,0.1,0.5
15,49,84,SimulatedAnnealingSampler,exact,True,4,245.25,116.00000000000006,2.1142241379310334,0.086,5,10,1000,geometric,0.01,0.1
15,45,85,SimulatedAnnealingSampler,lucas,True,4,166.25,100.00000000000006,1.662499999999999,0.117,5,10,1000,linear,0.1,0.5
15,45,85,SimulatedAnnealingSampler,exact,True,5,223.8,100.00000000000006,2.2379999999999987,0.079,5,10,1000,geometric,0.01,0.1
15,58,86,SimulatedAnnealingSampler,lucas,True,5,232.8,160.0,1.455,0.112,5,10,1000,linear,0.1,0.5
15,58,86,SimulatedAnnealingSampler,exact,True,3,322.0,160.0,2.0125,0.076,5,10,1000,geometric,0.01,0.1
15,56,87,SimulatedAnnealingSampler,lucas,True,5,216.8,150.0,1.4453333333333334,0.111,5,10,1000,linear,0.1,0.5
15,56,87,SimulatedAnnealingSampler,exact,True,3,290.3333333333333,150.0,1.9355555555555555,0.079,5,10,1000,geometric,0.01,0.1
15,49,88,SimulatedAnnealingSampler,lucas,True,5,179.4,116.00000000000006,1.5465517241379303,0.114,5,10,1000,linear,0.1,0.5
15,49,88,SimulatedAnnealingSampler,exact,True,4,266.75,116.00000000000006,2.29956896551724,0.078,5,10,1000,geometric,0.01,0.1
15,56,89,SimulatedAnnealingSampler,lucas,False,0,,150.0,,0.117,5,10,1000,linear,0.1,0.5
15,56,89,SimulatedAnnealingSampler,exact,True,1,313.0,150.0,2.0866666666666664,0.077,5,10,1000,geometric,0.01,0.1
15,55,90,SimulatedAnnealingSampler,lucas,True,5,214.2,145.0,1.4772413793103447,0.111,5,10,1000,linear,0.1,0.5
15,55,90,SimulatedAnnealingSampler,exact,True,1,309.0,145.0,2.1310344827586207,0.076,5,10,1000,geometric,0.01,0.1
15,58,91,SimulatedAnnealingSampler,lucas,True,5,228.8,160.0,1.4300000000000002,0.108,5,10,1000,linear,0.1,0.5
15,58,91,SimulatedAnnealingSampler,exact,True,2,297.0,160.0,1.85625,0.083,5,10,1000,geometric,0.01,0.1
15,58,92,SimulatedAnnealingSampler,lucas,True,5,231.4,160.0,1.44625,0.118,5,10,1000,linear,0.1,0.5
15,58,92,SimulatedAnnealingSampler,exact,True,1,319.0,160.0,1.99375,0.075,5,10,1000,geometric,0.01,0.1
15,56,93,SimulatedAnnealingSampler,lucas,True,4,230.0,150.0,1.5333333333333334,0.111,5,10,1000,linear,0.1,0.5
15,56,93,SimulatedAnnealingSampler,exact,True,2,303.0,150.0,2.02,0.076,5,10,1000,geometric,0.01,0.1
15,52,94,SimulatedAnnealingSampler,lucas,True,5,203.2,130.0,1.563076923076923,0.111,5,10,1000,linear,0.1,0.5
15,52,94,SimulatedAnnealingSampler,exact,True,4,287.0,130.0,2.207692307692308,0.078,5,10,1000,geometric,0.01,0.1
15,50,95,SimulatedAnnealingSampler,lucas,True,5,202.0,127.92768819134712,1.5790170435805864,0.118,5,10,1000,linear,0.1,0.5
15,50,95,SimulatedAnnealingSampler,exact,True,5,236.6,127.92768819134712,1.8494823391641917,0.082,5,10,1000,geometric,0.01,0.1
15,57,96,SimulatedAnnealingSampler,lucas,True,5,235.0,169.66144381116388,1.3851114002162983,0.111,5,10,1000,linear,0.1,0.5
15,57,96,SimulatedAnnealingSampler,exact,True,1,326.0,169.66144381116388,1.921473687108567,0.08,5,10,1000,geometric,0.01,0.1
15,52,97,SimulatedAnnealingSampler,lucas,True,5,197.4,130.0,1.5184615384615385,0.121,5,10,1000,linear,0.1,0.5
15,52,97,SimulatedAnnealingSampler,exact,True,3,266.6666666666667,130.0,2.0512820512820515,0.079,5,10,1000,geometric,0.01,0.1
15,48,98,SimulatedAnnealingSampler,lucas,True,5,175.0,112.00000000000006,1.5624999999999991,0.117,5,10,1000,linear,0.1,0.5
15,48,98,SimulatedAnnealingSampler,exact,True,3,249.33333333333334,112.00000000000006,2.226190476190475,0.076,5,10,1000,geometric,0.01,0.1
15,57,99,SimulatedAnnealingSampler,lucas,True,5,215.4,155.0,1.3896774193548387,0.117,5,10,1000,linear,0.1,0.5
15,57,99,SimulatedAnnealingSampler,exact,True,3,300.3333333333333,155.0,1.9376344086021504,0.08,5,10,1000,geometric,0.01,0.1
20,98,0,SimulatedAnnealingSampler,lucas,False,0,,323.0000000000001,,0.188,5,10,1000,linear,0.1,0.5
20,98,0,SimulatedAnnealingSampler,exact,False,0,,323.0000000000001,,0.08,5,10,1000,geometric,0.01,0.1
20,87,1,SimulatedAnnealingSampler,lucas,True,4,440.25,275.4245282778259,1.5984415140975081,0.2,5,10,1000,linear,0.1,0.5
20,87,1,SimulatedAnnealingSampler,exact,False,0,,275.4245282778259,,0.087,5,10,1000,geometric,0.01,0.1
20,96,2,SimulatedAnnealingSampler,lucas,True,5,524.0,333.9656616440207,1.5690235858994985,0.184,5,10,1000,linear,0.1,0.5
20,96,2,SimulatedAnnealingSampler,exact,False,0,,333.9656616440207,,0.088,5,10,1000,geometric,0.01,0.1
20,96,3,SimulatedAnnealingSampler,lucas,True,5,492.0,359.17824201573745,1.369793440824411,0.188,5,10,1000,linear,0.1,0.5
20,96,3,SimulatedAnnealingSampler,exact,False,0,,359.17824201573745,,0.082,5,10,1000,geometric,0.01,0.1
20,78,4,SimulatedAnnealingSampler,lucas,True,5,386.2,243.25096155253172,1.5876607333229285,0.188,5,10,1000,linear,0.1,0.5
20,78,4,SimulatedAnnealingSampler,exact,False,0,,243.25096155253172,,0.094,5,10,1000,geometric,0.01,0.1
20,95,5,SimulatedAnnealingSampler,lucas,True,4,496.75,305.0,1.6286885245901639,0.186,5,10,1000,linear,0.1,0.5
20,95,5,SimulatedAnnealingSampler,exact,False,0,,305.0,,0.093,5,10,1000,geometric,0.01,0.1
20,99,6,SimulatedAnnealingSampler,lucas,True,5,517.8,365.6524809773818,1.416098691894366,0.207,5,10,1000,linear,0.1,0.5
20,99,6,SimulatedAnnealingSampler,exact,False,0,,365.6524809773818,,0.08,5,10,1000,geometric,0.01,0.1
20,92,7,SimulatedAnnealingSampler,lucas,True,4,472.75,287.0,1.647212543554007,0.198,5,10,1000,linear,0.1,0.5
20,92,7,SimulatedAnnealingSampler,exact,False,0,,287.0,,0.088,5,10,1000,geometric,0.01,0.1
20,93,8,SimulatedAnnealingSampler,lucas,True,5,485.0,322.9065976011016,1.501982318116455,0.194,5,10,1000,linear,0.1,0.5
20,93,8,SimulatedAnnealingSampler,exact,False,0,,322.9065976011016,,0.09,5,10,1000,geometric,0.01,0.1
20,87,9,SimulatedAnnealingSampler,lucas,True,4,425.25,257.0,1.654669260700389,0.186,5,10,1000,linear,0.1,0.5
20,87,9,SimulatedAnnealingSampler,exact,False,0,,257.0,,0.09,5,10,1000,geometric,0.01,0.1
20,91,10,SimulatedAnnealingSampler,lucas,True,5,462.8,316.5249506777438,1.4621280218480466,0.193,5,10,1000,linear,0.1,0.5
20,91,10,SimulatedAnnealingSampler,exact,False,0,,316.5249506777438,,0.084,5,10,1000,geometric,0.01,0.1
20,101,11,SimulatedAnnealingSampler,lucas,True,2,527.0,343.0,1.5364431486880465,0.181,5,10,1000,linear,0.1,0.5
20,101,11,SimulatedAnnealingSampler,exact,False,0,,343.0,,0.087,5,10,1000,geometric,0.01,0.1
20,94,12,SimulatedAnnealingSampler,lucas,True,5,469.0,317.5725368772195,1.476827954368503,0.193,5,10,1000,linear,0.1,0.5
20,94,12,SimulatedAnnealingSampler,exact,False,0,,317.5725368772195,,0.088,5,10,1000,geometric,0.01,0.1
20,93,13,SimulatedAnnealingSampler,lucas,True,5,492.4,350.1195543807781,1.4063767471395858,0.184,5,10,1000,linear,0.1,0.5
20,93,13,SimulatedAnnealingSampler,exact,False,0,,350.1195543807781,,0.092,5,10,1000,geometric,0.01,0.1
20,102,14,SimulatedAnnealingSampler,lucas,True,5,520.6,365.9228588054341,1.42270423252462,0.189,5,10,1000,linear,0.1,0.5
20,102,14,SimulatedAnnealingSampler,exact,False,0,,365.9228588054341,,0.083,5,10,1000,geometric,0.01,0.1
20,92,15,SimulatedAnnealingSampler,lucas,True,3,482.6666666666667,287.0,1.6817653890824624,0.192,5,10,1000,linear,0.1,0.5
20,92,15,SimulatedAnnealingSampler,exact,False,0,,287.0,,0.084,5,10,1000,geometric,0.01,0.1
20,93,16,SimulatedAnnealingSampler,lucas,True,5,466.4,293.8456849316441,1.5872276637599643,0.187,5,10,1000,linear,0.1,0.5
20,93,16,SimulatedAnnealingSampler,exact,False,0,,293.8456849316441,,0.091,5,10,1000,geometric,0.01,0.1
20,96,17,SimulatedAnnealingSampler,lucas,True,5,513.2,337.0587429842088,1.5225832608770025,0.189,5,10,1000,linear,0.1,0.5
20,96,17,SimulatedAnnealingSampler,exact,False,0,,337.0587429842088,,0.083,5,10,1000,geometric,0.01,0.1
20,90,18,SimulatedAnnealingSampler,lucas,True,1,455.0,275.0,1.6545454545454545,0.196,5,10,1000,linear,0.1,0.5
20,90,18,SimulatedAnnealingSampler,exact,False,0,,275.0,,0.087,5,10,1000,geometric,0.01,0.1
20,82,19,SimulatedAnnealingSampler,lucas,True,5,395.4,243.77267244364427,1.6220029752982634,0.202,5,10,1000,linear,0.1,0.5
20,82,19,SimulatedAnnealingSampler,exact,False,0,,243.77267244364427,,0.088,5,10,1000,geometric,0.01,0.1
20,100,20,SimulatedAnnealingSampler,lucas,True,5,528.2,336.0,1.5720238095238097,0.187,5,10,1000,linear,0.1,0.5
20,100,20,SimulatedAnnealingSampler,exact,False,0,,336.0,,0.08,5,10,1000,geometric,0.01,0.1
20,93,21,SimulatedAnnealingSampler,lucas,True,5,481.2,330.66121725720274,1.4552659183665364,0.194,5,10,1000,linear,0.1,0.5
20,93,21,SimulatedAnnealingSampler,exact,False,0,,330.66121725720274,,0.081,5,10,1000,geometric,0.01,0.1
20,104,22,SimulatedAnnealingSampler,lucas,True,3,564.3333333333334,364.0,1.5503663003663004,0.186,5,10,1000,linear,0.1,0.5
20,104,22,SimulatedAnnealingSampler,exact,False,0,,364.0,,0.077,5,10,1000,geometric,0.01,0.1
20,101,23,SimulatedAnnealingSampler,lucas,True,5,528.4,345.5876163343076,1.528989972513503,0.189,5,10,1000,linear,0.1,0.5
20,101,23,SimulatedAnnealingSampler,exact,False,0,,345.5876163343076,,0.087,5,10,1000,geometric,0.01,0.1
20,100,24,SimulatedAnnealingSampler,lucas,True,2,557.5,342.1010680032468,1.629635368442372,0.189,5,10,1000,linear,0.1,0.5
20,100,24,SimulatedAnnealingSampler,exact,False,0,,342.1010680032468,,0.085,5,10,1000,geometric,0.01,0.1
20,92,25,SimulatedAnnealingSampler,lucas,True,5,469.8,324.37786396689694,1.4483109120169295,0.202,5,10,1000,linear,0.1,0.5
20,92,25,SimulatedAnnealingSampler,exact,False,0,,324.37786396689694,,0.084,5,10,1000,geometric,0.01,0.1
20,91,26,SimulatedAnnealingSampler,lucas,True,4,458.25,299.79507113921073,1.5285441426994317,0.194,5,10,1000,linear,0.1,0.5
20,91,26,SimulatedAnnealingSampler,exact,False,0,,299.79507113921073,,0.081,5,10,1000,geometric,0.01,0.1
20,93,27,SimulatedAnnealingSampler,lucas,True,5,485.8,323.60825737140215,1.5011977875535232,0.19,5,10,1000,linear,0.1,0.5
20,93,27,SimulatedAnnealingSampler,exact,False,0,,323.60825737140215,,0.087,5,10,1000,geometric,0.01,0.1
20,92,28,SimulatedAnnealingSampler,lucas,True,1,487.0,287.0,1.6968641114982579,0.194,5,10,1000,linear,0.1,0.5
20,92,28,SimulatedAnnealingSampler,exact,False,0,,287.0,,0.084,5,10,1000,geometric,0.01,0.1
20,96,29,SimulatedAnnealingSampler,lucas,True,4,515.25,311.0000000000001,1.656752411575562,0.189,5,10,1000,linear,0.1,0.5
20,96,29,SimulatedAnnealingSampler,exact,False,0,,311.0000000000001,,0.082,5,10,1000,geometric,0.01,0.1
20,100,30,SimulatedAnnealingSampler,lucas,True,5,544.2,384.1668584608115,1.4165719608931684,0.187,5,10,1000,linear,0.1,0.5
20,100,30,SimulatedAnnealingSampler,exact,False,0,,384.1668584608115,,0.083,5,10,1000,geometric,0.01,0.1
20,93,31,SimulatedAnnealingSampler,lucas,True,5,481.6,293.0,1.6436860068259387,0.192,5,10,1000,linear,0.1,0.5
20,93,31,SimulatedAnnealingSampler,exact,False,0,,293.0,,0.084,5,10,1000,geometric,0.01,0.1
20,106,32,SimulatedAnnealingSampler,lucas,True,2,559.0,378.0,1.4788359788359788,0.191,5,10,1000,linear,0.1,0.5
20,106,32,SimulatedAnnealingSampler,exact,False,0,,378.0,,0.081,5,10,1000,geometric,0.01,0.1
20,89,33,SimulatedAnnealingSampler,lucas,True,5,465.8,280.61487965979774,1.6599262325815034,0.199,5,10,1000,linear,0.1,0.5
20,89,33,SimulatedAnnealingSampler,exact,False,0,,280.61487965979774,,0.086,5,10,1000,geometric,0.01,0.1
20,87,34,SimulatedAnnealingSampler,lucas,True,5,427.0,283.3954513242101,1.5067284884241257,0.192,5,10,1000,linear,0.1,0.5
20,87,34,SimulatedAnnealingSampler,exact,False,0,,283.3954513242101,,0.087,5,10,1000,geometric,0.01,0.1
20,100,35,SimulatedAnnealingSampler,lucas,True,5,517.8,338.19066925829895,1.5310889597741129,0.187,5,10,1000,linear,0.1,0.5
20,100,35,SimulatedAnnealingSampler,exact,False,0,,338.19066925829895,,0.081,5,10,1000,geometric,0.01,0.1
20,95,36,SimulatedAnnealingSampler,lucas,True,5,500.4,341.4095797239293,1.4656882223534369,0.182,5,10,1000,linear,0.1,0.5
20,95,36,SimulatedAnnealingSampler,exact,False,0,,341.4095797239293,,0.085,5,10,1000,geometric,0.01,0.1
20,105,37,SimulatedAnnealingSampler,lucas,True,5,548.6,371.0,1.4787061994609165,0.187,5,10,1000,linear,0.1,0.5
20,105,37,SimulatedAnnealingSampler,exact,False,0,,371.0,,0.081,5,10,1000,geometric,0.01,0.1
20,98,38,SimulatedAnnealingSampler,lucas,True,5,515.0,323.0000000000001,1.5944272445820429,0.188,5,10,1000,linear,0.1,0.5
20,98,38,SimulatedAnnealingSampler,exact,False,0,,323.0000000000001,,0.093,5,10,1000,geometric,0.01,0.1
20,100,39,SimulatedAnnealingSampler,lucas,True,4,550.0,351.9525850501816,1.5627104995452177,0.189,5,10,1000,linear,0.1,0.5
20,100,39,SimulatedAnnealingSampler,exact,False,0,,351.9525850501816,,0.082,5,10,1000,geometric,0.01,0.1
20,105,40,SimulatedAnnealingSampler,lucas,True,5,579.0,436.7282269187026,1.325767294880579,0.188,5,10,1000,linear,0.1,0.5
20,105,40,SimulatedAnnealingSampler,exact,False,0,,436.7282269187026,,0.088,5,10,1000,geometric,0.01,0.1
20,87,41,SimulatedAnnealingSampler,lucas,True,5,439.0,257.0,1.7081712062256809,0.199,5,10,1000,linear,0.1,0.5
20,87,41,SimulatedAnnealingSampler,exact,False,0,,257.0,,0.086,5,10,1000,geometric,0.01,0.1
20,87,42,SimulatedAnnealingSampler,lucas,True,5,439.0,295.30587627630115,1.4865941901855428,0.196,5,10,1000,linear,0.1,0.5
20,87,42,SimulatedAnnealingSampler,exact,False,0,,295.30587627630115,,0.086,5,10,1000,geometric,0.01,0.1
20,84,43,SimulatedAnnealingSampler,lucas,True,5,427.2,284.54865962441556,1.5013249423275241,0.201,5,10,1000,linear,0.1,0.5
20,84,43,SimulatedAnnealingSampler,exact,False,0,,284.54865962441556,,0.092,5,10,1000,geometric,0.01,0.1
20,95,44,SimulatedAnnealingSampler,lucas,True,1,526.0,305.0,1.7245901639344263,0.185,5,10,1000,linear,0.1,0.5
20,95,44,SimulatedAnnealingSampler,exact,False,0,,305.0,,0.082,5,10,1000,geometric,0.01,0.1
20,92,45,SimulatedAnnealingSampler,lucas,True,5,482.2,342.7763964352029,1.406747970440121,0.188,5,10,1000,linear,0.1,0.5
20,92,45,SimulatedAnnealingSampler,exact,False,0,,342.7763964352029,,0.089,5,10,1000,geometric,0.01,0.1
20,96,46,SimulatedAnnealingSampler,lucas,True,4,506.25,362.16409446495635,1.3978470194509733,0.188,5,10,1000,linear,0.1,0.5
20,96,46,SimulatedAnnealingSampler,exact,False,0,,362.16409446495635,,0.082,5,10,1000,geometric,0.01,0.1
20,94,47,SimulatedAnnealingSampler,lucas,True,5,447.2,299.0,1.4956521739130435,0.19,5,10,1000,linear,0.1,0.5
20,94,47,SimulatedAnnealingSampler,exact,False,0,,299.0,,0.082,5,10,1000,geometric,0.01,0.1
20,92,48,SimulatedAnnealingSampler,lucas,True,4,474.0,287.0,1.651567944250871,0.184,5,10,1000,linear,0.1,0.5
20,92,48,SimulatedAnnealingSampler,exact,False,0,,287.0,,0.086,5,10,1000,geometric,0.01,0.1
20,104,49,SimulatedAnnealingSampler,lucas,True,5,557.8,368.26240196423987,1.5146808281942536,0.185,5,10,1000,linear,0.1,0.5
20,104,49,SimulatedAnnealingSampler,exact,False,0,,368.26240196423987,,0.081,5,10,1000,geometric,0.01,0.1
20,98,50,SimulatedAnnealingSampler,lucas,True,4,496.5,323.0000000000001,1.5371517027863772,0.192,5,10,1000,linear,0.1,0.5
20,98,50,SimulatedAnnealingSampler,exact,False,0,,323.0000000000001,,0.081,5,10,1000,geometric,0.01,0.1
20,106,51,SimulatedAnnealingSampler,lucas,True,1,583.0,378.0,1.5423280423280423,0.191,5,10,1000,linear,0.1,0.5
20,106,51,SimulatedAnnealingSampler,exact,False,0,,378.0,,0.079,5,10,1000,geometric,0.01,0.1
20,93,52,SimulatedAnnealingSampler,lucas,True,3,492.6666666666667,293.0,1.6814562002275313,0.189,5,10,1000,linear,0.1,0.5
20,93,52,SimulatedAnnealingSampler,exact,False,0,,293.0,,0.082,5,10,1000,geometric,0.01,0.1
20,97,53,SimulatedAnnealingSampler,lucas,True,5,514.2,356.43829350039897,1.442605941551071,0.195,5,10,1000,linear,0.1,0.5
20,97,53,SimulatedAnnealingSampler,exact,False,0,,356.43829350039897,,0.08,5,10,1000,geometric,0.01,0.1
20,88,54,SimulatedAnnealingSampler,lucas,True,4,447.75,284.88857081473105,1.5716671213573574,0.194,5,10,1000,linear,0.1,0.5
20,88,54,SimulatedAnnealingSampler,exact,False,0,,284.88857081473105,,0.085,5,10,1000,geometric,0.01,0.1
20,109,55,SimulatedAnnealingSampler,lucas,True,5,592.4,399.0,1.4847117794486215,0.191,5,10,1000,linear,0.1,0.5
20,109,55,SimulatedAnnealingSampler,exact,False,0,,399.0,,0.081,5,10,1000,geometric,0.01,0.1
20,88,56,SimulatedAnnealingSampler,lucas,False,0,,263.0,,0.192,5,10,1000,linear,0.1,0.5
20,88,56,SimulatedAnnealingSampler,exact,False,0,,263.0,,0.083,5,10,1000,geometric,0.01,0.1
20,100,57,SimulatedAnnealingSampler,lucas,True,5,534.2,373.20936930932703,1.431368137913063,0.181,5,10,1000,linear,0.1,0.5
20,100,57,SimulatedAnnealingSampler,exact,False,0,,373.20936930932703,,0.082,5,10,1000,geometric,0.01,0.1
20,106,58,SimulatedAnnealingSampler,lucas,True,5,575.0,378.0,1.5211640211640212,0.184,5,10,1000,linear,0.1,0.5
20,106,58,SimulatedAnnealingSampler,exact,False,0,,378.0,,0.079,5,10,1000,geometric,0.01,0.1
20,98,59,SimulatedAnnealingSampler,lucas,True,5,514.6,346.7532616453086,1.484052370721117,0.185,5,10,1000,linear,0.1,0.5
20,98,59,SimulatedAnnealingSampler,exact,False,0,,346.7532616453086,,0.084,5,10,1000,geometric,0.01,0.1
20,103,60,SimulatedAnnealingSampler,lucas,True,5,543.2,384.1550781764568,1.4140122852950754,0.186,5,10,1000,linear,0.1,0.5
20,103,60,SimulatedAnnealingSampler,exact,False,0,,384.1550781764568,,0.084,5,10,1000,geometric,0.01,0.1
20,96,61,SimulatedAnnealingSampler,lucas,True,3,521.0,311.0000000000001,1.6752411575562696,0.188,5,10,1000,linear,0.1,0.5
20,96,61,SimulatedAnnealingSampler,exact,False,0,,311.0000000000001,,0.086,5,10,1000,geometric,0.01,0.1
20,92,62,SimulatedAnnealingSampler,lucas,False,0,,287.0,,0.196,5,10,1000,linear,0.1,0.5
20,92,62,SimulatedAnnealingSampler,exact,False,0,,287.0,,0.083,5,10,1000,geometric,0.01,0.1
20,77,63,SimulatedAnnealingSampler,lucas,True,5,353.2,205.00000000000023,1.7229268292682907,0.192,5,10,1000,linear,0.1,0.5
20,77,63,SimulatedAnnealingSampler,exact,False,0,,205.00000000000023,,0.092,5,10,1000,geometric,0.01,0.1
20,83,64,SimulatedAnnealingSampler,lucas,True,5,409.4,265.3978226176862,1.5425898975431815,0.2,5,10,1000,linear,0.1,0.5
20,83,64,SimulatedAnnealingSampler,exact,False,0,,265.3978226176862,,0.095,5,10,1000,geometric,0.01,0.1
20,97,65,SimulatedAnnealingSampler,lucas,True,5,525.4,334.96417338598343,1.568525955146179,0.185,5,10,1000,linear,0.1,0.5
20,97,65,SimulatedAnnealingSampler,exact,False,0,,334.96417338598343,,0.086,5,10,1000,geometric,0.01,0.1
20,93,66,SimulatedAnnealingSampler,lucas,True,5,475.2,313.81795325615843,1.5142537100549858,0.191,5,10,1000,linear,0.1,0.5
20,93,66,SimulatedAnnealingSampler,exact,False,0,,313.81795325615843,,0.086,5,10,1000,geometric,0.01,0.1
20,103,67,SimulatedAnnealingSampler,lucas,True,5,543.4,377.08644520181406,1.441048881269588,0.192,5,10,1000,linear,0.1,0.5
20,103,67,SimulatedAnnealingSampler,exact,False,0,,377.08644520181406,,0.079,5,10,1000,geometric,0.01,0.1
20,95,68,SimulatedAnnealingSampler,lucas,True,5,498.6,328.4225353709312,1.518166222780251,0.19,5,10,1000,linear,0.1,0.5
20,95,68,SimulatedAnnealingSampler,exact,False,0,,328.4225353709312,,0.084,5,10,1000,geometric,0.01,0.1
20,89,69,SimulatedAnnealingSampler,lucas,True,4,444.0,269.0,1.6505576208178439,0.182,5,10,1000,linear,0.1,0.5
20,89,69,SimulatedAnnealingSampler,exact,False,0,,269.0,,0.084,5,10,1000,geometric,0.01,0.1
20,96,70,SimulatedAnnealingSampler,lucas,True,4,506.0,311.0000000000001,1.6270096463022503,0.188,5,10,1000,linear,0.1,0.5
20,96,70,SimulatedAnnealingSampler,exact,False,0,,311.0000000000001,,0.084,5,10,1000,geometric,0.01,0.1
20,103,71,SimulatedAnnealingSampler,lucas,True,5,556.8,395.0013148591527,1.4096155608963996,0.187,5,10,1000,linear,0.1,0.5
20,103,71,SimulatedAnnealingSampler,exact,False,0,,395.0013148591527,,0.081,5,10,1000,geometric,0.01,0.1
20,103,72,SimulatedAnnealingSampler,lucas,True,5,575.8,357.0,1.6128851540616245,0.196,5,10,1000,linear,0.1,0.5
20,103,72,SimulatedAnnealingSampler,exact,False,0,,357.0,,0.083,5,10,1000,geometric,0.01,0.1
20,94,73,SimulatedAnnealingSampler,lucas,True,5,475.2,299.0,1.5892976588628762,0.186,5,10,1000,linear,0.1,0.5
20,94,73,SimulatedAnnealingSampler,exact,False,0,,299.0,,0.083,5,10,1000,geometric,0.01,0.1
20,93,74,SimulatedAnnealingSampler,lucas,True,5,467.0,293.0,1.5938566552901023,0.189,5,10,1000,linear,0.1,0.5
20,93,74,SimulatedAnnealingSampler,exact,False,0,,293.0,,0.081,5,10,1000,geometric,0.01,0.1
20,95,75,SimulatedAnnealingSampler,lucas,True,5,514.2,392.1446111735227,1.3112509654568942,0.19,5,10,1000,linear,0.1,0.5
20,95,75,SimulatedAnnealingSampler,exact,False,0,,392.1446111735227,,0.085,5,10,1000,geometric,0.01,0.1
20,88,76,SimulatedAnnealingSampler,lucas,True,5,470.0,355.7717035467524,1.3210718989579133,0.194,5,10,1000,linear,0.1,0.5
20,88,76,SimulatedAnnealingSampler,exact,False,0,,355.7717035467524,,0.092,5,10,1000,geometric,0.01,0.1
20,100,77,SimulatedAnnealingSampler,lucas,True,4,542.5,336.0,1.6145833333333333,0.187,5,10,1000,linear,0.1,0.5
20,100,77,SimulatedAnnealingSampler,exact,False,0,,336.0,,0.08,5,10,1000,geometric,0.01,0.1
20,83,78,SimulatedAnnealingSampler,lucas,True,5,402.4,261.10304302739354,1.541154003164116,0.186,5,10,1000,linear,0.1,0.5
20,83,78,SimulatedAnnealingSampler,exact,False,0,,261.10304302739354,,0.092,5,10,1000,geometric,0.01,0.1
20,89,79,SimulatedAnnealingSampler,lucas,True,4,438.25,269.0,1.629182156133829,0.194,5,10,1000,linear,0.1,0.5
20,89,79,SimulatedAnnealingSampler,exact,False,0,,269.0,,0.083,5,10,1000,geometric,0.01,0.1
20,83,80,SimulatedAnnealingSampler,lucas,True,5,404.8,277.74107853140174,1.4574725573200826,0.194,5,10,1000,linear,0.1,0.5
20,83,80,SimulatedAnnealingSampler,exact,False,0,,277.74107853140174,,0.094,5,10,1000,geometric,0.01,0.1
20,101,81,SimulatedAnnealingSampler,lucas,True,5,548.6,406.25399842154883,1.3503867091315274,0.2,5,10,1000,linear,0.1,0.5
20,101,81,SimulatedAnnealingSampler,exact,False,0,,406.25399842154883,,0.083,5,10,1000,geometric,0.01,0.1
20,88,82,SimulatedAnnealingSampler,lucas,True,2,444.5,263.0,1.6901140684410647,0.185,5,10,1000,linear,0.1,0.5
20,88,82,SimulatedAnnealingSampler,exact,False,0,,263.0,,0.085,5,10,1000,geometric,0.01,0.1
20,106,83,SimulatedAnnealingSampler,lucas,True,4,561.75,413.7080529956517,1.3578415888508322,0.183,5,10,1000,linear,0.1,0.5
20,106,83,SimulatedAnnealingSampler,exact,False,0,,413.7080529956517,,0.084,5,10,1000,geometric,0.01,0.1
20,84,84,SimulatedAnnealingSampler,lucas,True,5,424.0,268.6888211123132,1.5780336459281499,0.198,5,10,1000,linear,0.1,0.5
20,84,84,SimulatedAnnealingSampler,exact,False,0,,268.6888211123132,,0.087,5,10,1000,geometric,0.01,0.1
20,93,85,SimulatedAnnealingSampler,lucas,True,1,486.0,293.0,1.658703071672355,0.186,5,10,1000,linear,0.1,0.5
20,93,85,SimulatedAnnealingSampler,exact,False,0,,293.0,,0.084,5,10,1000,geometric,0.01,0.1
20,94,86,SimulatedAnnealingSampler,lucas,True,5,510.6,377.5222807554005,1.352502954205295,0.205,5,10,1000,linear,0.1,0.5
20,94,86,SimulatedAnnealingSampler,exact,False,0,,377.5222807554005,,0.087,5,10,1000,geometric,0.01,0.1
20,83,87,SimulatedAnnealingSampler,lucas,True,5,418.4,264.3848305786194,1.5825416272344774,0.191,5,10,1000,linear,0.1,0.5
20,83,87,SimulatedAnnealingSampler,exact,False,0,,264.3848305786194,,0.089,5,10,1000,geometric,0.01,0.1
20,95,88,SimulatedAnnealingSampler,lucas,True,5,468.6,318.8236927822353,1.4697778446474044,0.193,5,10,1000,linear,0.1,0.5
20,95,88,SimulatedAnnealingSampler,exact,False,0,,318.8236927822353,,0.089,5,10,1000,geometric,0.01,0.1
20,95,89,SimulatedAnnealingSampler,lucas,True,2,509.0,305.0,1.6688524590163933,0.189,5,10,1000,linear,0.1,0.5
20,95,89,SimulatedAnnealingSampler,exact,False,0,,305.0,,0.084,5,10,1000,geometric,0.01,0.1
20,99,90,SimulatedAnnealingSampler,lucas,True,5,518.4,343.76592641308866,1.5080028594138823,0.19,5,10,1000,linear,0.1,0.5
20,99,90,SimulatedAnnealingSampler,exact,False,0,,343.76592641308866,,0.081,5,10,1000,geometric,0.01,0.1
20,96,91,SimulatedAnnealingSampler,lucas,True,4,502.25,311.0000000000001,1.6149517684887453,0.189,5,10,1000,linear,0.1,0.5
20,96,91,SimulatedAnnealingSampler,exact,False,0,,311.0000000000001,,0.08,5,10,1000,geometric,0.01,0.1
20,87,92,SimulatedAnnealingSampler,lucas,True,4,450.25,281.6394527985154,1.598675169711072,0.198,5,10,1000,linear,0.1,0.5
20,87,92,SimulatedAnnealingSampler,exact,False,0,,281.6394527985154,,0.089,5,10,1000,geometric,0.01,0.1
20,97,93,SimulatedAnnealingSampler,lucas,True,5,523.4,317.0000000000001,1.6511041009463716,0.19,5,10,1000,linear,0.1,0.5
20,97,93,SimulatedAnnealingSampler,exact,False,0,,317.0000000000001,,0.083,5,10,1000,geometric,0.01,0.1
20,94,94,SimulatedAnnealingSampler,lucas,True,3,490.3333333333333,299.0,1.6399108138238572,0.182,5,10,1000,linear,0.1,0.5
20,94,94,SimulatedAnnealingSampler,exact,False,0,,299.0,,0.083,5,10,1000,geometric,0.01,0.1
20,89,95,SimulatedAnnealingSampler,lucas,True,5,448.4,277.3345840080978,1.616819631795028,0.195,5,10,1000,linear,0.1,0.5
20,89,95,SimulatedAnnealingSampler,exact,False,0,,277.3345840080978,,0.088,5,10,1000,geometric,0.01,0.1
20,85,96,SimulatedAnnealingSampler,lucas,True,3,408.3333333333333,245.00000000000023,1.666666666666665,0.184,5,10,1000,linear,0.1,0.5
20,85,96,SimulatedAnnealingSampler,exact,False,0,,245.00000000000023,,0.088,5,10,1000,geometric,0.01,0.1
20,94,97,SimulatedAnnealingSampler,lucas,True,5,468.6,299.0,1.5672240802675586,0.187,5,10,1000,linear,0.1,0.5
20,94,97,SimulatedAnnealingSampler,exact,False,0,,299.0,,0.082,5,10,1000,geometric,0.01,0.1
20,110,98,SimulatedAnnealingSampler,lucas,True,5,605.4,446.2368596610347,1.3566786044072354,0.188,5,10,1000,linear,0.1,0.5
20,110,98,SimulatedAnnealingSampler,exact,False,0,,446.2368596610347,,0.076,5,10,1000,geometric,0.01,0.1
20,75,99,SimulatedAnnealingSampler,lucas,True,3,381.6666666666667,211.34692555550714,1.8058775431130063,0.193,5,10,1000,linear,0.1,0.5
20,75,99,SimulatedAnnealingSampler,exact,False,0,,211.34692555550714,,0.091,5,10,1000,geometric,0.01,0.1
25,151,0,SimulatedAnnealingSampler,lucas,False,0,,592.0,,0.284,5,10,1000,linear,0.1,0.5
25,151,0,SimulatedAnnealingSampler,exact,False,0,,592.0,,0.059,5,10,1000,geometric,0.01,0.1
25,145,1,SimulatedAnnealingSampler,lucas,False,0,,609.8111292774846,,0.282,5,10,1000,linear,0.1,0.5
25,145,1,SimulatedAnnealingSampler,exact,False,0,,609.8111292774846,,0.064,5,10,1000,geometric,0.01,0.1
25,142,2,SimulatedAnnealingSampler,lucas,True,5,941.0,701.5688950163258,1.3412795331784237,0.29,5,10,1000,linear,0.1,0.5
25,142,2,SimulatedAnnealingSampler,exact,False,0,,701.5688950163258,,0.064,5,10,1000,geometric,0.01,0.1
25,146,3,SimulatedAnnealingSampler,lucas,True,2,975.5,563.6333291687371,1.730735124267218,0.282,5,10,1000,linear,0.1,0.5
25,146,3,SimulatedAnnealingSampler,exact,False,0,,563.6333291687371,,0.065,5,10,1000,geometric,0.01,0.1
25,150,4,SimulatedAnnealingSampler,lucas,True,1,998.0,711.048229585088,1.4035616129476258,0.284,5,10,1000,linear,0.1,0.5
25,150,4,SimulatedAnnealingSampler,exact,False,0,,711.048229585088,,0.063,5,10,1000,geometric,0.01,0.1
25,140,5,SimulatedAnnealingSampler,lucas,True,5,923.4,553.4435756161688,1.6684627678114166,0.281,5,10,1000,linear,0.1,0.5
25,140,5,SimulatedAnnealingSampler,exact,False,0,,553.4435756161688,,0.066,5,10,1000,geometric,0.01,0.1
25,142,6,SimulatedAnnealingSampler,lucas,True,5,915.2,668.6599275677748,1.3687077126470033,0.292,5,10,1000,linear,0.1,0.5
25,142,6,SimulatedAnnealingSampler,exact,False,0,,668.6599275677748,,0.072,5,10,1000,geometric,0.01,0.1
25,154,7,SimulatedAnnealingSampler,lucas,True,4,1067.75,807.2195211951461,1.322750468694216,0.286,5,10,1000,linear,0.1,0.5
25,154,7,SimulatedAnnealingSampler,exact,False,0,,807.2195211951461,,0.06,5,10,1000,geometric,0.01,0.1
25,150,8,SimulatedAnnealingSampler,lucas,True,5,1038.8,717.1738115659674,1.4484633756100957,0.281,5,10,1000,linear,0.1,0.5
25,150,8,SimulatedAnnealingSampler,exact,False,0,,717.1738115659674,,0.062,5,10,1000,geometric,0.01,0.1
25,151,9,SimulatedAnnealingSampler,lucas,True,5,993.2,699.8250868900317,1.419211769634758,0.292,5,10,1000,linear,0.1,0.5
25,151,9,SimulatedAnnealingSampler,exact,False,0,,699.8250868900317,,0.062,5,10,1000,geometric,0.01,0.1
25,145,10,SimulatedAnnealingSampler,lucas,True,5,928.2,565.4669722776791,1.6414751798168623,0.284,5,10,1000,linear,0.1,0.5
25,145,10,SimulatedAnnealingSampler,exact,False,0,,565.4669722776791,,0.063,5,10,1000,geometric,0.01,0.1
25,154,11,SimulatedAnnealingSampler,lucas,True,4,997.25,616.0,1.6189123376623376,0.291,5,10,1000,linear,0.1,0.5
25,154,11,SimulatedAnnealingSampler,exact,False,0,,616.0,,0.06,5,10,1000,geometric,0.01,0.1
25,133,12,SimulatedAnnealingSampler,lucas,True,5,849.6,586.4258923744279,1.448776411559839,0.281,5,10,1000,linear,0.1,0.5
25,133,12,SimulatedAnnealingSampler,exact,False,0,,586.4258923744279,,0.069,5,10,1000,geometric,0.01,0.1
25,153,13,SimulatedAnnealingSampler,lucas,True,1,1057.0,696.2501417799416,1.5181325454351977,0.283,5,10,1000,linear,0.1,0.5
25,153,13,SimulatedAnnealingSampler,exact,False,0,,696.2501417799416,,0.061,5,10,1000,geometric,0.01,0.1
25,168,14,SimulatedAnnealingSampler,lucas,True,5,1148.2,797.788939118228,1.439227775292386,0.28,5,10,1000,linear,0.1,0.5
25,168,14,SimulatedAnnealingSampler,exact,False,0,,797.788939118228,,0.056,5,10,1000,geometric,0.01,0.1
25,152,15,SimulatedAnnealingSampler,lucas,True,5,993.0,738.0806632367788,1.345381405394497,0.295,5,10,1000,linear,0.1,0.5
25,152,15,SimulatedAnnealingSampler,exact,False,0,,738.0806632367788,,0.059,5,10,1000,geometric,0.01,0.1
25,141,16,SimulatedAnnealingSampler,lucas,True,2,934.5,554.838045185386,1.6842752729542165,0.287,5,10,1000,linear,0.1,0.5
25,141,16,SimulatedAnnealingSampler,exact,False,0,,554.838045185386,,0.063,5,10,1000,geometric,0.01,0.1
25,155,17,SimulatedAnnealingSampler,lucas,True,5,1046.8,739.5567126889756,1.41544249688967,0.279,5,10,1000,linear,0.1,0.5
25,155,17,SimulatedAnnealingSampler,exact,False,0,,739.5567126889756,,0.058,5,10,1000,geometric,0.01,0.1
25,145,18,SimulatedAnnealingSampler,lucas,True,1,1004.0,703.3126483442484,1.4275301352302356,0.284,5,10,1000,linear,0.1,0.5
25,145,18,SimulatedAnnealingSampler,exact,False,0,,703.3126483442484,,0.068,5,10,1000,geometric,0.01,0.1
25,156,19,SimulatedAnnealingSampler,lucas,True,3,1057.6666666666667,759.923769448823,1.3918062695075302,0.281,5,10,1000,linear,0.1,0.5
25,156,19,SimulatedAnnealingSampler,exact,False,0,,759.923769448823,,0.06,5,10,1000,geometric,0.01,0.1
25,160,20,SimulatedAnnealingSampler,lucas,True,5,1079.6,770.7523579280778,1.400709305518261,0.288,5,10,1000,linear,0.1,0.5
25,160,20,SimulatedAnnealingSampler,exact,False,0,,770.7523579280778,,0.057,5,10,1000,geometric,0.01,0.1
25,140,21,SimulatedAnnealingSampler,lucas,False,0,,553.3498378436965,,0.284,5,10,1000,linear,0.1,0.5
25,140,21,SimulatedAnnealingSampler,exact,False,0,,553.3498378436965,,0.067,5,10,1000,geometric,0.01,0.1
25,153,22,SimulatedAnnealingSampler,lucas,True,1,1016.0,679.4623408298115,1.4952999437160606,0.278,5,10,1000,linear,0.1,0.5
25,153,22,SimulatedAnnealingSampler,exact,False,0,,679.4623408298115,,0.059,5,10,1000,geometric,0.01,0.1
25,155,23,SimulatedAnnealingSampler,lucas,False,0,,632.9097909112214,,0.282,5,10,1000,linear,0.1,0.5
25,155,23,SimulatedAnnealingSampler,exact,False,0,,632.9097909112214,,0.058,5,10,1000,geometric,0.01,0.1
25,157,24,SimulatedAnnealingSampler,lucas,True,4,1061.0,725.4401110633015,1.4625604289303182,0.276,5,10,1000,linear,0.1,0.5
25,157,24,SimulatedAnnealingSampler,exact,False,0,,725.4401110633015,,0.057,5,10,1000,geometric,0.01,0.1
25,159,25,SimulatedAnnealingSampler,lucas,True,5,1056.0,695.9884759360484,1.5172665015462579,0.276,5,10,1000,linear,0.1,0.5
25,159,25,SimulatedAnnealingSampler,exact,False,0,,695.9884759360484,,0.06,5,10,1000,geometric,0.01,0.1
25,144,26,SimulatedAnnealingSampler,lucas,True,4,942.5,699.2172077945055,1.347935933917967,0.295,5,10,1000,linear,0.1,0.5
25,144,26,SimulatedAnnealingSampler,exact,False,0,,699.2172077945055,,0.063,5,10,1000,geometric,0.01,0.1
25,132,27,SimulatedAnnealingSampler,lucas,True,4,818.5,526.8833231193452,1.5534748664166778,0.293,5,10,1000,linear,0.1,0.5
25,132,27,SimulatedAnnealingSampler,exact,False,0,,526.8833231193452,,0.07,5,10,1000,geometric,0.01,0.1
25,151,28,SimulatedAnnealingSampler,lucas,True,2,988.5,592.0,1.6697635135135136,0.276,5,10,1000,linear,0.1,0.5
25,151,28,SimulatedAnnealingSampler,exact,False,0,,592.0,,0.061,5,10,1000,geometric,0.01,0.1
25,143,29,SimulatedAnnealingSampler,lucas,True,3,953.3333333333334,611.0135911928622,1.5602489814869278,0.283,5,10,1000,linear,0.1,0.5
25,143,29,SimulatedAnnealingSampler,exact,False,0,,611.0135911928622,,0.063,5,10,1000,geometric,0.01,0.1
25,153,30,SimulatedAnnealingSampler,lucas,True,5,1024.8,705.9970271819006,1.451564185887088,0.278,5,10,1000,linear,0.1,0.5
25,153,30,SimulatedAnnealingSampler,exact,False,0,,705.9970271819006,,0.062,5,10,1000,geometric,0.01,0.1
25,161,31,SimulatedAnnealingSampler,lucas,True,5,1108.8,795.8987617230354,1.3931420091665516,0.285,5,10,1000,linear,0.1,0.5
25,161,31,SimulatedAnnealingSampler,exact,False,0,,795.8987617230354,,0.056,5,10,1000,geometric,0.01,0.1
25,159,32,SimulatedAnnealingSampler,lucas,False,0,,685.6920837099187,,0.286,5,10,1000,linear,0.1,0.5
25,159,32,SimulatedAnnealingSampler,exact,False,0,,685.6920837099187,,0.057,5,10,1000,geometric,0.01,0.1
25,151,33,SimulatedAnnealingSampler,lucas,True,2,1019.0,677.2293056355468,1.5046602258945632,0.287,5,10,1000,linear,0.1,0.5
25,151,33,SimulatedAnnealingSampler,exact,False,0,,677.2293056355468,,0.063,5,10,1000,geometric,0.01,0.1
25,150,34,SimulatedAnnealingSampler,lucas,True,1,981.0,727.9467547315744,1.347626036689644,0.286,5,10,1000,linear,0.1,0.5
25,150,34,SimulatedAnnealingSampler,exact,False,0,,727.9467547315744,,0.063,5,10,1000,geometric,0.01,0.1
25,153,35,SimulatedAnnealingSampler,lucas,True,5,1028.4,661.0123706731238,1.555795391473169,0.284,5,10,1000,linear,0.1,0.5
25,153,35,SimulatedAnnealingSampler,exact,False,0,,661.0123706731238,,0.06,5,10,1000,geometric,0.01,0.1
25,156,36,SimulatedAnnealingSampler,lucas,True,5,1034.2,674.2481679042454,1.5338565964733535,0.276,5,10,1000,linear,0.1,0.5
25,156,36,SimulatedAnnealingSampler,exact,False,0,,674.2481679042454,,0.059,5,10,1000,geometric,0.01,0.1
25,159,37,SimulatedAnnealingSampler,lucas,True,1,1105.0,722.7858618142717,1.5288068823404057,0.278,5,10,1000,linear,0.1,0.5
25,159,37,SimulatedAnnealingSampler,exact,False,0,,722.7858618142717,,0.058,5,10,1000,geometric,0.01,0.1
25,159,38,SimulatedAnnealingSampler,lucas,True,4,1092.5,739.7319853078588,1.4768862529924638,0.281,5,10,1000,linear,0.1,0.5
25,159,38,SimulatedAnnealingSampler,exact,False,0,,739.7319853078588,,0.057,5,10,1000,geometric,0.01,0.1
25,143,39,SimulatedAnnealingSampler,lucas,False,0,,623.486167896258,,0.294,5,10,1000,linear,0.1,0.5
25,143,39,SimulatedAnnealingSampler,exact,False,0,,623.486167896258,,0.065,5,10,1000,geometric,0.01,0.1
25,127,40,SimulatedAnnealingSampler,lucas,True,5,807.8,530.8311311779219,1.5217645547793706,0.282,5,10,1000,linear,0.1,0.5
25,127,40,SimulatedAnnealingSampler,exact,False,0,,530.8311311779219,,0.069,5,10,1000,geometric,0.01,0.1
25,147,41,SimulatedAnnealingSampler,lucas,True,3,1002.0,641.8748650619726,1.5610519347930185,0.295,5,10,1000,linear,0.1,0.5
25,147,41,SimulatedAnnealingSampler,exact,False,0,,641.8748650619726,,0.061,5,10,1000,geometric,0.01,0.1
25,160,42,SimulatedAnnealingSampler,lucas,True,1,1119.0,673.760817338905,1.660826767011501,0.272,5,10,1000,linear,0.1,0.5
25,160,42,SimulatedAnnealingSampler,exact,False,0,,673.760817338905,,0.057,5,10,1000,geometric,0.01,0.1
25,135,43,SimulatedAnnealingSampler,lucas,True,5,891.6,581.7388566389222,1.5326464612512631,0.284,5,10,1000,linear,0.1,0.5
25,135,43,SimulatedAnnealingSampler,exact,False,0,,581.7388566389222,,0.066,5,10,1000,geometric,0.01,0.1
25,157,44,SimulatedAnnealingSampler,lucas,True,5,1084.8,795.8292907718859,1.363106400554618,0.28,5,10,1000,linear,0.1,0.5
25,157,44,SimulatedAnnealingSampler,exact,False,0,,795.8292907718859,,0.059,5,10,1000,geometric,0.01,0.1
25,169,45,SimulatedAnnealingSampler,lucas,True,3,1188.3333333333333,775.7747111186395,1.5318021022105746,0.288,5,10,1000,linear,0.1,0.5
25,169,45,SimulatedAnnealingSampler,exact,False,0,,775.7747111186395,,0.054,5,10,1000,geometric,0.01,0.1
25,146,46,SimulatedAnnealingSampler,lucas,True,3,994.0,645.0700129094477,1.540918009065062,0.275,5,10,1000,linear,0.1,0.5
25,146,46,SimulatedAnnealingSampler,exact,False,0,,645.0700129094477,,0.061,5,10,1000,geometric,0.01,0.1
25,151,47,SimulatedAnnealingSampler,lucas,True,3,991.6666666666666,655.5188376628457,1.5127965966657886,0.277,5,10,1000,linear,0.1,0.5
25,151,47,SimulatedAnnealingSampler,exact,False,0,,655.5188376628457,,0.06,5,10,1000,geometric,0.01,0.1
25,147,48,SimulatedAnnealingSampler,lucas,True,3,966.0,642.9676484256985,1.502408406340885,0.28,5,10,1000,linear,0.1,0.5
25,147,48,SimulatedAnnealingSampler,exact,False,0,,642.9676484256985,,0.062,5,10,1000,geometric,0.01,0.1
25,140,49,SimulatedAnnealingSampler,lucas,True,3,924.3333333333334,554.0045521790336,1.6684580112161667,0.285,5,10,1000,linear,0.1,0.5
25,140,49,SimulatedAnnealingSampler,exact,False,0,,554.0045521790336,,0.066,5,10,1000,geometric,0.01,0.1
25,137,50,SimulatedAnnealingSampler,lucas,True,2,820.0,490.0,1.6734693877551021,0.279,5,10,1000,linear,0.1,0.5
25,137,50,SimulatedAnnealingSampler,exact,False,0,,490.0,,0.066,5,10,1000,geometric,0.01,0.1
25,150,51,SimulatedAnnealingSampler,lucas,True,4,1009.25,751.1191665869852,1.3436616250733382,0.28,5,10,1000,linear,0.1,0.5
25,150,51,SimulatedAnnealingSampler,exact,False,0,,751.1191665869852,,0.063,5,10,1000,geometric,0.01,0.1
25,147,52,SimulatedAnnealingSampler,lucas,True,4,958.0,560.0000000000002,1.710714285714285,0.284,5,10,1000,linear,0.1,0.5
25,147,52,SimulatedAnnealingSampler,exact,False,0,,560.0000000000002,,0.061,5,10,1000,geometric,0.01,0.1
25,142,53,SimulatedAnnealingSampler,lucas,False,0,,525.0,,0.286,5,10,1000,linear,0.1,0.5
25,142,53,SimulatedAnnealingSampler,exact,False,0,,525.0,,0.064,5,10,1000,geometric,0.01,0.1
25,151,54,SimulatedAnnealingSampler,lucas,True,5,1015.8,708.832626652386,1.433060445873285,0.274,5,10,1000,linear,0.1,0.5
25,151,54,SimulatedAnnealingSampler,exact,False,0,,708.832626652386,,0.06,5,10,1000,geometric,0.01,0.1
25,137,55,SimulatedAnnealingSampler,lucas,False,0,,554.3154223878398,,0.288,5,10,1000,linear,0.1,0.5
25,137,55,SimulatedAnnealingSampler,exact,False,0,,554.3154223878398,,0.067,5,10,1000,geometric,0.01,0.1
25,149,56,SimulatedAnnealingSampler,lucas,False,0,,576.0,,0.279,5,10,1000,linear,0.1,0.5
25,149,56,SimulatedAnnealingSampler,exact,False,0,,576.0,,0.06,5,10,1000,geometric,0.01,0.1
25,158,57,SimulatedAnnealingSampler,lucas,True,2,988.5,648.0,1.525462962962963,0.286,5,10,1000,linear,0.1,0.5
25,158,57,SimulatedAnnealingSampler,exact,False,0,,648.0,,0.061,5,10,1000,geometric,0.01,0.1
25,138,58,SimulatedAnnealingSampler,lucas,True,3,940.3333333333334,605.5521780901769,1.552852697680004,0.29,5,10,1000,linear,0.1,0.5
25,138,58,SimulatedAnnealingSampler,exact,False,0,,605.5521780901769,,0.069,5,10,1000,geometric,0.01,0.1
25,152,59,SimulatedAnnealingSampler,lucas,True,3,1015.3333333333334,665.0915204693835,1.526606943683133,0.28,5,10,1000,linear,0.1,0.5
25,152,59,SimulatedAnnealingSampler,exact,False,0,,665.0915204693835,,0.067,5,10,1000,geometric,0.01,0.1
25,141,60,SimulatedAnnealingSampler,lucas,True,2,926.0,597.7690845730659,1.549093159712936,0.282,5,10,1000,linear,0.1,0.5
25,141,60,SimulatedAnnealingSampler,exact,False,0,,597.7690845730659,,0.066,5,10,1000,geometric,0.01,0.1
25,142,61,SimulatedAnnealingSampler,lucas,True,3,928.3333333333334,620.5470213384308,1.4959919255289498,0.282,5,10,1000,linear,0.1,0.5
25,142,61,SimulatedAnnealingSampler,exact,False,0,,620.5470213384308,,0.067,5,10,1000,geometric,0.01,0.1
25,152,62,SimulatedAnnealingSampler,lucas,True,4,1019.75,705.600640536659,1.4452226109437887,0.278,5,10,1000,linear,0.1,0.5
25,152,62,SimulatedAnnealingSampler,exact,False,0,,705.600640536659,,0.06,5,10,1000,geometric,0.01,0.1
25,143,63,SimulatedAnnealingSampler,lucas,False,0,,532.0,,0.279,5,10,1000,linear,0.1,0.5
25,143,63,SimulatedAnnealingSampler,exact,False,0,,532.0,,0.064,5,10,1000,geometric,0.01,0.1
25,150,64,SimulatedAnnealingSampler,lucas,True,2,1005.0,584.0,1.720890410958904,0.283,5,10,1000,linear,0.1,0.5
25,150,64,SimulatedAnnealingSampler,exact,False,0,,584.0,,0.063,5,10,1000,geometric,0.01,0.1
25,148,65,SimulatedAnnealingSampler,lucas,True,1,997.0,568.0,1.755281690140845,0.301,5,10,1000,linear,0.1,0.5
25,148,65,SimulatedAnnealingSampler,exact,False,0,,568.0,,0.062,5,10,1000,geometric,0.01,0.1
25,157,66,SimulatedAnnealingSampler,lucas,True,4,1061.75,765.5871378705209,1.386844093218775,0.279,5,10,1000,linear,0.1,0.5
25,157,66,SimulatedAnnealingSampler,exact,False,0,,765.5871378705209,,0.058,5,10,1000,geometric,0.01,0.1
25,153,67,SimulatedAnnealingSampler,lucas,True,3,1050.6666666666667,767.2151727425303,1.3694550160040435,0.282,5,10,1000,linear,0.1,0.5
25,153,67,SimulatedAnnealingSampler,exact,False,0,,767.2151727425303,,0.064,5,10,1000,geometric,0.01,0.1
25,159,68,SimulatedAnnealingSampler,lucas,True,3,1077.0,656.0,1.641768292682927,0.279,5,10,1000,linear,0.1,0.5
25,159,68,SimulatedAnnealingSampler,exact,False,0,,656.0,,0.058,5,10,1000,geometric,0.01,0.1
25,139,69,SimulatedAnnealingSampler,lucas,True,3,871.6666666666666,610.3292709049275,1.4281908278366815,0.294,5,10,1000,linear,0.1,0.5
25,139,69,SimulatedAnnealingSampler,exact,False,0,,610.3292709049275,,0.067,5,10,1000,geometric,0.01,0.1
25,160,70,SimulatedAnnealingSampler,lucas,True,1,1107.0,705.3352021639643,1.5694665410201143,0.275,5,10,1000,linear,0.1,0.5
25,160,70,SimulatedAnnealingSampler,exact,False,0,,705.3352021639643,,0.058,5,10,1000,geometric,0.01,0.1
25,155,71,SimulatedAnnealingSampler,lucas,True,3,1030.3333333333333,624.0,1.6511752136752136,0.278,5,10,1000,linear,0.1,0.5
25,155,71,SimulatedAnnealingSampler,exact,False,0,,624.0,,0.057,5,10,1000,geometric,0.01,0.1
25,146,72,SimulatedAnnealingSampler,lucas,True,4,964.75,654.1776982730129,1.4747522004294522,0.284,5,10,1000,linear,0.1,0.5
25,146,72,SimulatedAnnealingSampler,exact,False,0,,654.1776982730129,,0.064,5,10,1000,geometric,0.01,0.1
25,138,73,SimulatedAnnealingSampler,lucas,True,5,906.4,681.6716487806821,1.3296724333794627,0.283,5,10,1000,linear,0.1,0.5
25,138,73,SimulatedAnnealingSampler,exact,False,0,,681.6716487806821,,0.066,5,10,1000,geometric,0.01,0.1
25,170,74,SimulatedAnnealingSampler,lucas,True,4,1177.5,890.2258007193656,1.3226981278777772,0.283,5,10,1000,linear,0.1,0.5
25,170,74,SimulatedAnnealingSampler,exact,False,0,,890.2258007193656,,0.053,5,10,1000,geometric,0.01,0.1
25,155,75,SimulatedAnnealingSampler,lucas,True,5,1043.0,756.7974686347256,1.3781758571174771,0.289,5,10,1000,linear,0.1,0.5
25,155,75,SimulatedAnnealingSampler,exact,False,0,,756.7974686347256,,0.057,5,10,1000,geometric,0.01,0.1
25,158,76,SimulatedAnnealingSampler,lucas,True,4,1065.0,762.3200000699899,1.3970511070183396,0.275,5,10,1000,linear,0.1,0.5
25,158,76,SimulatedAnnealingSampler,exact,False,0,,762.3200000699899,,0.057,5,10,1000,geometric,0.01,0.1
25,161,77,SimulatedAnnealingSampler,lucas,True,3,1119.0,747.9340718037364,1.4961211718853666,0.282,5,10,1000,linear,0.1,0.5
25,161,77,SimulatedAnnealingSampler,exact,False,0,,747.9340718037364,,0.057,5,10,1000,geometric,0.01,0.1
25,142,78,SimulatedAnnealingSampler,lucas,True,4,918.0,630.0157394954533,1.457106453777136,0.294,5,10,1000,linear,0.1,0.5
25,142,78,SimulatedAnnealingSampler,exact,False,0,,630.0157394954533,,0.066,5,10,1000,geometric,0.01,0.1
25,156,79,SimulatedAnnealingSampler,lucas,False,0,,632.0,,0.288,5,10,1000,linear,0.1,0.5
25,156,79,SimulatedAnnealingSampler,exact,False,0,,632.0,,0.057,5,10,1000,geometric,0.01,0.1
25,170,80,SimulatedAnnealingSampler,lucas,True,2,1184.0,750.0,1.5786666666666667,0.276,5,10,1000,linear,0.1,0.5
25,170,80,SimulatedAnnealingSampler,exact,False,0,,750.0,,0.055,5,10,1000,geometric,0.01,0.1
25,152,81,SimulatedAnnealingSampler,lucas,True,3,1001.0,600.0,1.6683333333333332,0.281,5,10,1000,linear,0.1,0.5
25,152,81,SimulatedAnnealingSampler,exact,False,0,,600.0,,0.06,5,10,1000,geometric,0.01,0.1
25,151,82,SimulatedAnnealingSampler,lucas,True,5,1022.6,744.8650049136546,1.3728662150244804,0.277,5,10,1000,linear,0.1,0.5
25,151,82,SimulatedAnnealingSampler,exact,False,0,,744.8650049136546,,0.066,5,10,1000,geometric,0.01,0.1
25,158,83,SimulatedAnnealingSampler,lucas,True,4,1080.25,756.7878764697947,1.4274145154637867,0.276,5,10,1000,linear,0.1,0.5
25,158,83,SimulatedAnnealingSampler,exact,False,0,,756.7878764697947,,0.058,5,10,1000,geometric,0.01,0.1
25,141,84,SimulatedAnnealingSampler,lucas,True,4,924.5,624.2850155751497,1.4808941059529743,0.287,5,10,1000,linear,0.1,0.5
25,141,84,SimulatedAnnealingSampler,exact,False,0,,624.2850155751497,,0.07,5,10,1000,geometric,0.01,0.1
25,145,85,SimulatedAnnealingSampler,lucas,True,5,931.4,651.1471394719073,1.4303986665062878,0.296,5,10,1000,linear,0.1,0.5
25,145,85,SimulatedAnnealingSampler,exact,False,0,,651.1471394719073,,0.062,5,10,1000,geometric,0.01,0.1
25,153,86,SimulatedAnnealingSampler,lucas,True,4,1029.25,608.0,1.692845394736842,0.278,5,10,1000,linear,0.1,0.5
25,153,86,SimulatedAnnealingSampler,exact,False,0,,608.0,,0.06,5,10,1000,geometric,0.01,0.1
25,148,87,SimulatedAnnealingSampler,lucas,True,4,987.5,711.9602681316488,1.3870156021366644,0.288,5,10,1000,linear,0.1,0.5
25,148,87,SimulatedAnnealingSampler,exact,False,0,,711.9602681316488,,0.061,5,10,1000,geometric,0.01,0.1
25,153,88,SimulatedAnnealingSampler,lucas,True,5,1025.4,751.680604643287,1.3641432194284269,0.289,5,10,1000,linear,0.1,0.5
25,153,88,SimulatedAnnealingSampler,exact,False,0,,751.680604643287,,0.062,5,10,1000,geometric,0.01,0.1
25,156,89,SimulatedAnnealingSampler,lucas,True,2,1060.0,649.7391645234835,1.6314238972763793,0.284,5,10,1000,linear,0.1,0.5
25,156,89,SimulatedAnnealingSampler,exact,False,0,,649.7391645234835,,0.058,5,10,1000,geometric,0.01,0.1
25,151,90,SimulatedAnnealingSampler,lucas,False,0,,592.0,,0.282,5,10,1000,linear,0.1,0.5
25,151,90,SimulatedAnnealingSampler,exact,False,0,,592.0,,0.059,5,10,1000,geometric,0.01,0.1
25,158,91,SimulatedAnnealingSampler,lucas,True,2,1044.0,648.0,1.6111111111111112,0.277,5,10,1000,linear,0.1,0.5
25,158,91,SimulatedAnnealingSampler,exact,False,0,,648.0,,0.058,5,10,1000,geometric,0.01,0.1
25,129,92,SimulatedAnnealingSampler,lucas,True,5,813.0,536.3175358222722,1.5158930031133948,0.281,5,10,1000,linear,0.1,0.5
25,129,92,SimulatedAnnealingSampler,exact,False,0,,536.3175358222722,,0.069,5,10,1000,geometric,0.01,0.1
25,167,93,SimulatedAnnealingSampler,lucas,True,1,1124.0,731.2240014882187,1.537148668140524,0.277,5,10,1000,linear,0.1,0.5
25,167,93,SimulatedAnnealingSampler,exact,False,0,,731.2240014882187,,0.056,5,10,1000,geometric,0.01,0.1
25,155,94,SimulatedAnnealingSampler,lucas,True,4,1063.75,671.1596676769276,1.584943272413758,0.273,5,10,1000,linear,0.1,0.5
25,155,94,SimulatedAnnealingSampler,exact,False,0,,671.1596676769276,,0.062,5,10,1000,geometric,0.01,0.1
25,150,95,SimulatedAnnealingSampler,lucas,True,5,1008.8,692.867143276406,1.4559789849892748,0.278,5,10,1000,linear,0.1,0.5
25,150,95,SimulatedAnnealingSampler,exact,False,0,,692.867143276406,,0.061,5,10,1000,geometric,0.01,0.1
25,157,96,SimulatedAnnealingSampler,lucas,True,4,1058.5,728.956309068914,1.4520760528871857,0.28,5,10,1000,linear,0.1,0.5
25,157,96,SimulatedAnnealingSampler,exact,False,0,,728.956309068914,,0.058,5,10,1000,geometric,0.01,0.1
25,145,97,SimulatedAnnealingSampler,lucas,True,5,968.2,687.5683810546944,1.4081508496868793,0.284,5,10,1000,linear,0.1,0.5
25,145,97,SimulatedAnnealingSampler,exact,False,0,,687.5683810546944,,0.063,5,10,1000,geometric,0.01,0.1
25,145,98,SimulatedAnnealingSampler,lucas,True,5,989.8,714.7358592073996,1.3848472652507327,0.29,5,10,1000,linear,0.1,0.5
25,145,98,SimulatedAnnealingSampler,exact,False,0,,714.7358592073996,,0.062,5,10,1000,geometric,0.01,0.1
25,145,99,SimulatedAnnealingSampler,lucas,True,4,939.25,608.6435414151038,1.5431856843764942,0.3,5,10,1000,linear,0.1,0.5
25,145,99,SimulatedAnnealingSampler,exact,False,0,,608.6435414151038,,0.065,5,10,1000,geometric,0.01,0.1
5,5,0,SimulatedAnnealingSampler,lucas,True,5,8.0,7.0,1.1428571428571428,0.02,5,10,1000,linear,0.1,0.5
5,5,0,SimulatedAnnealingSampler,exact,True,5,8.0,7.0,1.1428571428571428,0.024,5,10,1000,geometric,0.01,0.1
5,8,1,SimulatedAnnealingSampler,lucas,True,5,14.2,13.0,1.0923076923076922,0.019,5,10,1000,linear,0.1,0.5
5,8,1,SimulatedAnnealingSampler,exact,True,4,16.0,13.0,1.2307692307692308,0.022,5,10,1000,geometric,0.01,0.1
5,6,2,SimulatedAnnealingSampler,lucas,True,5,10.8,9.0,1.2000000000000002,0.021,5,10,1000,linear,0.1,0.5
5,6,2,SimulatedAnnealingSampler,exact,True,5,10.4,9.0,1.1555555555555557,0.025,5,10,1000,geometric,0.01,0.1
5,6,3,SimulatedAnnealingSampler,lucas,True,5,9.4,9.0,1.0444444444444445,0.02,5,10,1000,linear,0.1,0.5
5,6,3,SimulatedAnnealingSampler,exact,True,5,10.6,9.0,1.1777777777777778,0.022,5,10,1000,geometric,0.01,0.1
5,4,4,SimulatedAnnealingSampler,lucas,True,5,6.0,4.5,1.3333333333333333,0.021,5,10,1000,linear,0.1,0.5
5,4,4,SimulatedAnnealingSampler,exact,True,2,7.0,4.5,1.5555555555555556,0.026,5,10,1000,geometric,0.01,0.1
5,5,5,SimulatedAnnealingSampler,lucas,True,5,8.2,6.0,1.3666666666666665,0.02,5,10,1000,linear,0.1,0.5
5,5,5,SimulatedAnnealingSampler,exact,True,3,9.333333333333334,6.0,1.5555555555555556,0.022,5,10,1000,geometric,0.01,0.1
5,6,6,SimulatedAnnealingSampler,lucas,True,5,8.4,8.0,1.05,0.02,5,10,1000,linear,0.1,0.5
5,6,6,SimulatedAnnealingSampler,exact,True,4,11.0,8.0,1.375,0.025,5,10,1000,geometric,0.01,0.1
5,6,7,SimulatedAnnealingSampler,lucas,True,4,10.5,8.0,1.3125,0.02,5,10,1000,linear,0.1,0.5
5,6,7,SimulatedAnnealingSampler,exact,True,5,11.4,8.0,1.425,0.025,5,10,1000,geometric,0.01,0.1
5,6,8,SimulatedAnnealingSampler,lucas,True,5,10.6,8.0,1.325,0.022,5,10,1000,linear,0.1,0.5
5,6,8,SimulatedAnnealingSampler,exact,True,4,9.75,8.0,1.21875,0.022,5,10,1000,geometric,0.01,0.1
5,5,9,SimulatedAnnealingSampler,lucas,True,5,7.4,6.0,1.2333333333333334,0.019,5,10,1000,linear,0.1,0.5
5,5,9,SimulatedAnnealingSampler,exact,True,1,13.0,6.0,2.1666666666666665,0.023,5,10,1000,geometric,0.01,0.1
5,5,10,SimulatedAnnealingSampler,lucas,True,5,7.4,6.0,1.2333333333333334,0.02,5,10,1000,linear,0.1,0.5
5,5,10,SimulatedAnnealingSampler,exact,True,3,8.666666666666666,6.0,1.4444444444444444,0.022,5,10,1000,geometric,0.01,0.1
5,7,11,SimulatedAnnealingSampler,lucas,True,4,12.5,11.0,1.1363636363636365,0.021,5,10,1000,linear,0.1,0.5
5,7,11,SimulatedAnnealingSampler,exact,True,3,12.333333333333334,11.0,1.1212121212121213,0.024,5,10,1000,geometric,0.01,0.1
5,7,12,SimulatedAnnealingSampler,lucas,True,5,11.4,10.0,1.1400000000000001,0.02,5,10,1000,linear,0.1,0.5
5,7,12,SimulatedAnnealingSampler,exact,True,4,12.75,10.0,1.275,0.022,5,10,1000,geometric,0.01,0.1
5,9,13,SimulatedAnnealingSampler,lucas,True,5,16.8,16.0,1.05,0.021,5,10,1000,linear,0.1,0.5
5,9,13,SimulatedAnnealingSampler,exact,True,5,16.8,16.0,1.05,0.023,5,10,1000,geometric,0.01,0.1
5,7,14,SimulatedAnnealingSampler,lucas,True,5,10.2,10.0,1.02,0.019,5,10,1000,linear,0.1,0.5
5,7,14,SimulatedAnnealingSampler,exact,True,5,12.6,10.0,1.26,0.021,5,10,1000,geometric,0.01,0.1
5,4,15,SimulatedAnnealingSampler,lucas,True,5,6.2,5.0,1.24,0.022,5,10,1000,linear,0.1,0.5
5,4,15,SimulatedAnnealingSampler,exact,True,3,8.0,5.0,1.6,0.024,5,10,1000,geometric,0.01,0.1
5,4,16,SimulatedAnnealingSampler,lucas,True,3,5.666666666666667,4.0,1.4166666666666667,0.021,5,10,1000,linear,0.1,0.5
5,4,16,SimulatedAnnealingSampler,exact,True,5,7.4,4.0,1.85,0.023,5,10,1000,geometric,0.01,0.1
5,8,17,SimulatedAnnealingSampler,lucas,True,5,13.2,13.0,1.0153846153846153,0.02,5,10,1000,linear,0.1,0.5
5,8,17,SimulatedAnnealingSampler,exact,True,5,14.8,13.0,1.1384615384615384,0.022,5,10,1000,geometric,0.01,0.1
5,5,18,SimulatedAnnealingSampler,lucas,True,4,8.5,8.0,1.0625,0.021,5,10,1000,linear,0.1,0.5
5,5,18,SimulatedAnnealingSampler,exact,True,1,8.0,8.0,1.0,0.023,5,10,1000,geometric,0.01,0.1
5,7,19,SimulatedAnnealingSampler,lucas,True,5,12.0,10.0,1.2,0.019,5,10,1000,linear,0.1,0.5
5,7,19,SimulatedAnnealingSampler,exact,True,4,13.0,10.0,1.3,0.022,5,10,1000,geometric,0.01,0.1
5,10,20,SimulatedAnnealingSampler,lucas,True,5,20.0,20.0,1.0,0.019,5,10,1000,linear,0.1,0.5
5,10,20,SimulatedAnnealingSampler,exact,True,5,20.0,20.0,1.0,0.021,5,10,1000,geometric,0.01,0.1
