solver_id,num_vertices,graph_id,num_edges,penalty_mode,mu_thermometer,mu_bijective,energy,minla_cost,best_known_cost,is_feasible,solve_time
0,5,0,5,exact,16,16,7.0,7,6,True,0.11078572273254395
0,5,1,5,exact,16,16,6.0,6,6,True,0.10713982582092285
0,5,2,4,exact,14,14,4.0,4,4,True,0.10966372489929199
0,5,3,7,exact,19,19,11.0,11,10,True,0.11572933197021484
0,5,4,5,exact,16,16,8.0,8,7,True,0.1061244010925293
0,5,5,8,exact,20,20,14.0,14,14,True,0.10210204124450684
0,5,6,4,exact,14,14,7.0,7,5,True,0.11020469665527344
0,5,7,6,exact,18,18,10.0,10,10,True,0.10465574264526367
0,5,8,6,exact,18,18,9.0,9,9,True,0.10490250587463379
0,5,9,6,exact,18,18,9.0,9,9,True,0.10693931579589844
0,5,10,5,exact,16,16,7.0,7,7,True,0.10833954811096191
0,5,11,6,exact,18,18,8.0,8,8,True,0.1054677963256836
0,5,12,7,exact,19,19,12.0,12,12,True,0.10709142684936523
0,5,13,5,exact,16,16,8.0,8,8,True,0.10841202735900879
0,5,14,7,exact,19,19,11.0,11,11,True,0.10505223274230957
0,5,15,8,exact,20,20,14.0,14,13,True,0.1049654483795166
0,5,16,6,exact,18,18,8.0,8,8,True,0.10683155059814453
0,5,17,7,exact,19,19,12.0,12,12,True,0.1048269271850586
0,5,18,9,exact,21,21,16.0,16,16,True,0.10305619239807129
0,5,19,10,exact,22,22,20.0,20,20,True,0.1046454906463623
0,5,20,4,exact,14,14,6.0,6,6,True,0.11491990089416504
0,5,0,5,lucas,4,4,6.0,6,6,True,0.21471357345581055
0,5,1,5,lucas,4,4,6.0,6,6,True,0.21294713020324707
0,5,2,4,lucas,3,3,4.0,4,4,True,0.26444578170776367
0,5,3,7,lucas,5,5,10.0,10,10,True,0.18414640426635742
0,5,4,5,lucas,5,5,7.0,7,7,True,0.1829066276550293
0,5,5,8,lucas,5,5,14.0,14,14,True,0.1850738525390625
0,5,6,4,lucas,4,4,5.0,5,5,True,0.2160041332244873
0,5,7,6,lucas,4,4,10.0,10,10,True,0.21787619590759277
0,5,8,6,lucas,4,4,9.0,9,9,True,0.21722912788391113
0,5,9,6,lucas,5,5,9.0,9,9,True,0.18322968482971191
0,5,10,5,lucas,4,4,7.0,7,7,True,0.21187233924865723
0,5,11,6,lucas,4,4,8.0,8,8,True,0.21089482307434082
0,5,12,7,lucas,4,4,12.0,12,12,True,0.2120072841644287
0,5,13,5,lucas,3,3,8.0,8,8,True,0.2614145278930664
0,5,14,7,lucas,5,5,11.0,11,11,True,0.18248343467712402
0,5,15,8,lucas,5,5,13.0,13,13,True,0.18304657936096191
0,5,16,6,lucas,5,5,8.0,8,8,True,0.1815497875213623
0,5,17,7,lucas,5,5,12.0,12,12,True,0.18288159370422363
0,5,18,9,lucas,5,5,16.0,16,16,True,0.18340516090393066
0,5,19,10,lucas,5,5,20.0,20,20,True,0.1856088638305664
0,5,20,4,lucas,5,5,6.0,6,6,True,0.18250823020935059
0,10,0,26,exact,136,136,90.0,90,67,True,0.5245707035064697
0,10,1,27,exact,139,139,87.0,87,75,True,0.5195744037628174
0,10,2,14,exact,92,92,43.0,43,28,True,0.5208230018615723
0,10,3,20,exact,117,117,60.0,60,50,True,0.5146186351776123
0,10,4,19,exact,113,113,52.0,52,50,True,0.5009524822235107
0,10,5,23,exact,127,127,78.0,78,58,True,0.5005500316619873
0,10,6,23,exact,127,127,75.0,75,57,True,0.5103905200958252
0,10,7,21,exact,121,121,61.0,61,53,True,0.5178909301757812
0,10,8,22,exact,124,124,66.0,66,56,True,0.5195019245147705
0,10,9,25,exact,133,133,72.0,72,60,True,0.5192263126373291
0,10,10,21,exact,121,121,67.0,67,52,True,0.517594575881958
0,10,11,21,exact,121,121,71.0,71,56,True,0.5173892974853516
0,10,12,19,exact,113,113,58.0,58,46,True,0.5302784442901611
0,10,13,28,exact,142,142,90.0,90,76,True,0.532315731048584
0,10,14,22,exact,124,124,64.0,64,54,True,0.5350649356842041
0,10,15,25,exact,133,133,80.0,80,72,True,0.5161240100860596
0,10,16,23,exact,127,127,80.0,80,64,True,0.517794132232666
0,10,17,25,exact,133,133,80.0,80,63,True,0.49857330322265625
0,10,18,20,exact,117,117,70.0,70,43,True,0.49576663970947266
0,10,19,23,exact,127,127,83.0,83,54,True,0.507967472076416
0,10,20,17,exact,105,105,50.0,50,37,True,0.508676290512085
0,10,21,24,exact,130,130,75.0,75,65,True,0.5133183002471924
0,10,22,23,exact,127,127,66.0,66,58,True,0.5057518482208252
0,10,23,25,exact,133,133,73.0,73,67,True,0.5082981586456299
0,10,24,24,exact,130,130,78.0,78,57,True,0.5140743255615234
0,10,25,18,exact,109,109,55.0,55,44,True,0.5219955444335938
0,10,26,21,exact,121,121,60.0,60,43,True,0.5216808319091797
0,10,27,22,exact,124,124,70.0,70,50,True,0.5245604515075684
0,10,28,21,exact,121,121,65.0,65,48,True,0.5130691528320312
0,10,29,19,exact,113,113,60.0,60,45,True,0.5106961727142334
0,10,30,27,exact,139,139,87.0,87,81,True,0.5186688899993896
0,10,31,18,exact,109,109,61.0,61,35,True,0.5158042907714844
0,10,32,20,exact,117,117,60.0,60,46,True,0.5116474628448486
0,10,33,25,exact,133,133,87.0,87,65,True,0.5131654739379883
0,10,34,21,exact,121,121,65.0,65,56,True,0.5270752906799316
0,10,35,22,exact,124,124,71.0,71,50,True,0.5223021507263184
0,10,36,21,exact,121,121,63.0,63,50,True,0.5101947784423828
0,10,37,26,exact,136,136,88.0,88,68,True,0.5187234878540039
0,10,38,21,exact,121,121,63.0,63,50,True,0.5078890323638916
0,10,39,18,exact,109,109,51.0,51,42,True,0.5141665935516357
0,10,40,24,exact,130,130,80.0,80,64,True,0.5009908676147461
0,10,41,25,exact,133,133,73.0,73,67,True,0.5029845237731934
0,10,42,21,exact,121,121,67.0,67,58,True,0.521406888961792
0,10,43,24,exact,130,130,80.0,80,54,True,0.5301313400268555
0,10,44,25,exact,133,133,74.0,74,62,True,0.5300099849700928
0,10,45,21,exact,121,121,75.0,75,54,True,0.5303797721862793
0,10,46,27,exact,139,139,90.0,90,74,True,0.532123327255249
0,10,47,24,exact,130,130,74.0,74,64,True,0.5298924446105957
0,10,48,19,exact,113,113,57.0,57,40,True,0.5162718296051025
0,10,49,23,exact,127,127,65.0,65,60,True,0.5167853832244873
0,10,50,23,exact,127,127,76.0,76,55,True,0.5173799991607666
0,10,51,22,exact,124,124,77.0,77,64,True,0.5161831378936768
0,10,52,19,exact,113,113,59.0,59,47,True,0.5027439594268799
0,10,53,25,exact,133,133,76.0,76,59,True,0.5006868839263916
0,10,54,21,exact,121,121,64.0,64,51,True,0.4961228370666504
0,10,55,21,exact,121,121,65.0,65,55,True,0.5092079639434814
0,10,56,26,exact,136,136,82.0,82,68,True,0.511397123336792
0,10,57,25,exact,133,133,73.0,73,60,True,0.5149195194244385
0,10,58,21,exact,121,121,57.0,57,45,True,0.5123677253723145
0,10,59,26,exact,136,136,78.0,78,68,True,0.5104677677154541
0,10,60,22,exact,124,124,73.0,73,51,True,0.515906810760498
0,10,61,21,exact,121,121,70.0,70,47,True,0.5104861259460449
0,10,62,27,exact,139,139,82.0,82,73,True,0.5107953548431396
0,10,63,16,exact,101,101,47.0,47,34,True,0.5112018585205078
0,10,64,19,exact,113,113,56.0,56,43,True,0.5137455463409424
0,10,65,25,exact,133,133,82.0,82,62,True,0.5137414932250977
0,10,66,20,exact,117,117,61.0,61,50,True,0.5182855129241943
0,10,67,24,exact,130,130,76.0,76,63,True,0.5138554573059082
0,10,68,24,exact,130,130,81.0,81,66,True,0.5135035514831543
0,10,69,20,exact,117,117,65.0,65,46,True,0.5135927200317383
0,10,70,24,exact,130,130,79.0,79,63,True,0.5246784687042236
0,10,71,25,exact,133,133,83.0,83,69,True,0.5101969242095947
0,10,72,19,exact,113,113,51.0,51,44,True,0.5095012187957764
0,10,73,23,exact,127,127,72.0,72,54,True,0.5216429233551025
0,10,74,28,exact,142,142,93.0,93,80,True,0.5181841850280762
0,10,75,27,exact,139,139,89.0,89,68,True,0.5117132663726807
0,10,76,13,exact,87,87,35.0,35,23,True,0.5014817714691162
0,10,77,20,exact,117,117,62.0,62,51,True,0.5019500255584717
0,10,78,23,exact,127,127,75.0,75,56,True,0.5173976421356201
0,10,79,26,exact,136,136,80.0,80,68,True,0.5301895141601562
0,10,80,20,exact,117,117,63.0,63,50,True,0.5304443836212158
0,10,81,20,exact,117,117,54.0,54,51,True,0.5303003787994385
0,10,82,23,exact,127,127,77.0,77,57,True,0.5304601192474365
0,10,83,26,exact,136,136,91.0,91,69,True,0.5318315029144287
0,10,84,19,exact,113,113,50.0,50,43,True,0.5172629356384277
0,10,85,19,exact,113,113,64.0,64,38,True,0.5302679538726807
0,10,86,22,exact,124,124,61.0,61,52,True,0.5307800769805908
0,10,87,22,exact,124,124,62.0,62,54,True,0.5112454891204834
0,10,88,28,exact,142,142,93.0,93,71,True,0.4991490840911865
0,10,89,20,exact,117,117,59.0,59,48,True,0.5082869529724121
0,10,90,22,exact,124,124,66.0,66,53,True,0.5075914859771729
0,10,91,19,exact,113,113,55.0,55,43,True,0.5106396675109863
0,10,92,25,exact,133,133,75.0,75,66,True,0.5129256248474121
0,10,93,23,exact,127,127,75.0,75,56,True,0.5219180583953857
0,10,94,24,exact,130,130,80.0,80,57,True,0.5123012065887451
0,10,95,20,exact,117,117,64.0,64,42,True,0.49939942359924316
0,10,96,17,exact,105,105,48.0,48,30,True,0.5210630893707275
0,10,97,19,exact,113,113,61.0,61,46,True,0.5079522132873535
0,10,98,26,exact,136,136,84.0,84,77,True,0.514838695526123
0,10,99,22,exact,124,124,75.0,75,52,True,0.5134143829345703
0,10,0,26,lucas,8,8,67.0,67,67,True,0.823068380355835
0,10,1,27,lucas,9,9,75.0,75,75,True,0.7844345569610596
0,10,2,14,lucas,6,6,22.0,22,28,True,0.956507682800293
0,10,3,20,lucas,9,9,46.0,46,50,True,0.773200273513794
0,10,4,19,lucas,6,6,44.0,44,50,True,0.9632418155670166
0,10,5,23,lucas,8,8,57.0,57,58,True,0.8177177906036377
0,10,6,23,lucas,8,8,53.0,53,57,True,0.8128583431243896
0,10,7,21,lucas,9,9,51.0,51,53,True,0.7545366287231445
0,10,8,22,lucas,8,8,48.0,48,56,True,0.8206236362457275
0,10,9,25,lucas,7,7,60.0,60,60,True,0.8858208656311035
0,10,10,21,lucas,9,9,53.0,53,52,True,0.792029619216919
0,10,11,21,lucas,6,6,51.0,51,56,True,0.9847841262817383
0,10,12,19,lucas,7,7,46.0,46,46,True,0.9031069278717041
0,10,13,28,lucas,9,9,76.0,76,76,True,0.7923219203948975
0,10,14,22,lucas,7,7,52.0,52,54,True,0.865654706954956
0,10,15,25,lucas,7,7,70.0,70,72,True,0.8785555362701416
0,10,16,23,lucas,7,7,59.0,59,64,True,0.8730289936065674
0,10,17,25,lucas,8,8,64.0,64,63,True,0.8165409564971924
0,10,18,20,lucas,8,8,43.0,43,43,True,0.8037509918212891
0,10,19,23,lucas,8,8,54.0,54,54,True,0.8151533603668213
0,10,20,17,lucas,7,7,37.0,37,37,True,0.8781440258026123
0,10,21,24,lucas,8,8,61.0,61,65,True,0.8163650035858154
0,10,22,23,lucas,8,8,59.0,59,58,True,0.8401939868927002
0,10,23,25,lucas,8,8,68.0,68,67,True,0.8292217254638672
0,10,24,24,lucas,8,8,57.0,57,57,True,0.8208727836608887
0,10,25,18,lucas,7,7,39.0,39,44,True,0.8729400634765625
0,10,26,21,lucas,8,8,43.0,43,43,True,0.8075511455535889
0,10,27,22,lucas,8,8,50.0,50,50,True,0.7998101711273193
0,10,28,21,lucas,7,7,48.0,48,48,True,0.8640236854553223
0,10,29,19,lucas,6,6,45.0,45,45,True,0.9697403907775879
0,10,30,27,lucas,8,8,74.0,74,81,True,0.82808518409729
0,10,31,18,lucas,7,7,35.0,35,35,True,0.8867533206939697
0,10,32,20,lucas,6,6,46.0,46,46,True,0.9713246822357178
0,10,33,25,lucas,7,7,65.0,65,65,True,0.8930692672729492
0,10,34,21,lucas,8,8,53.0,53,56,True,0.8160769939422607
0,10,35,22,lucas,9,9,50.0,50,50,True,0.7660703659057617
0,10,36,21,lucas,7,7,50.0,50,50,True,0.8636672496795654
0,10,37,26,lucas,8,8,68.0,68,68,True,0.8001201152801514
0,10,38,21,lucas,6,6,50.0,50,50,True,0.9604909420013428
0,10,39,18,lucas,7,7,43.0,43,42,True,0.8744430541992188
0,10,40,24,lucas,8,8,60.0,60,64,True,0.834662675857544
0,10,41,25,lucas,8,8,68.0,68,67,True,0.8343451023101807
0,10,42,21,lucas,7,7,54.0,54,58,True,0.895782470703125
0,10,43,24,lucas,8,8,54.0,54,54,True,0.8362441062927246
0,10,44,25,lucas,10,10,62.0,62,62,True,0.7536880970001221
0,10,45,21,lucas,7,7,52.0,52,54,True,0.8870830535888672
0,10,46,27,lucas,8,8,74.0,74,74,True,0.8228209018707275
0,10,47,24,lucas,8,8,63.0,63,64,True,0.8080346584320068
0,10,48,19,lucas,7,7,40.0,40,40,True,0.8671293258666992
0,10,49,23,lucas,8,8,58.0,58,60,True,0.8090157508850098
0,10,50,23,lucas,7,7,56.0,56,55,True,0.886664628982544
0,10,51,22,lucas,7,7,57.0,57,64,True,0.8920366764068604
0,10,52,19,lucas,6,6,45.0,45,47,True,0.9831147193908691
0,10,53,25,lucas,9,9,60.0,60,59,True,0.7956206798553467
0,10,54,21,lucas,8,8,50.0,50,51,True,0.8410089015960693
0,10,55,21,lucas,8,8,54.0,54,55,True,0.8216314315795898
0,10,56,26,lucas,8,8,68.0,68,68,True,0.795283317565918
0,10,57,25,lucas,8,8,61.0,61,60,True,0.7943973541259766
0,10,58,21,lucas,8,8,46.0,46,45,True,0.7951743602752686
0,10,59,26,lucas,9,9,69.0,69,68,True,0.7856898307800293
0,10,60,22,lucas,8,8,51.0,51,51,True,0.8140895366668701
0,10,61,21,lucas,8,8,47.0,47,47,True,0.8236451148986816
0,10,62,27,lucas,9,9,73.0,73,73,True,0.8000164031982422
0,10,63,16,lucas,7,7,34.0,34,34,True,0.9086892604827881
0,10,64,19,lucas,7,7,43.0,43,43,True,0.9088671207427979
0,10,65,25,lucas,9,9,62.0,62,62,True,0.8020071983337402
0,10,66,20,lucas,8,8,47.0,47,50,True,0.8387918472290039
0,10,67,24,lucas,9,9,63.0,63,63,True,0.780853271484375
0,10,68,24,lucas,7,7,61.0,61,66,True,0.892615556716919
0,10,69,20,lucas,6,6,46.0,46,46,True,0.9622962474822998
0,10,70,24,lucas,7,7,63.0,63,63,True,0.8884687423706055
0,10,71,25,lucas,7,7,68.0,68,69,True,0.9004898071289062
0,10,72,19,lucas,7,7,44.0,44,44,True,0.9134283065795898
0,10,73,23,lucas,9,9,54.0,54,54,True,0.8060588836669922
0,10,74,28,lucas,8,8,77.0,77,80,True,0.8402514457702637
0,10,75,27,lucas,8,8,68.0,68,68,True,0.835397481918335
0,10,76,13,lucas,5,5,23.0,23,23,True,1.074629545211792
0,10,77,20,lucas,7,7,49.0,49,51,True,0.8744544982910156
0,10,78,23,lucas,7,7,56.0,56,56,True,0.8805575370788574
0,10,79,26,lucas,9,9,65.0,65,68,True,0.7794618606567383
0,10,80,20,lucas,7,7,51.0,51,50,True,0.8773345947265625
0,10,81,20,lucas,8,8,47.0,47,51,True,0.809520959854126
0,10,82,23,lucas,7,7,57.0,57,57,True,0.8761303424835205
0,10,83,26,lucas,9,9,69.0,69,69,True,0.7751574516296387
0,10,84,19,lucas,7,7,41.0,41,43,True,0.884758472442627
0,10,85,19,lucas,7,7,38.0,38,38,True,0.8858294486999512
0,10,86,22,lucas,8,8,52.0,52,52,True,0.8185224533081055
0,10,87,22,lucas,7,7,53.0,53,54,True,0.8685092926025391
0,10,88,28,lucas,9,9,71.0,71,71,True,0.7667520046234131
0,10,89,20,lucas,9,9,48.0,48,48,True,0.7556374073028564
0,10,90,22,lucas,8,8,53.0,53,53,True,0.8023326396942139
0,10,91,19,lucas,7,7,43.0,43,43,True,0.9088406562805176
0,10,92,25,lucas,9,9,66.0,66,66,True,0.8062212467193604
0,10,93,23,lucas,8,8,56.0,56,56,True,0.8539676666259766
0,10,94,24,lucas,8,8,58.0,58,57,True,0.8516552448272705
0,10,95,20,lucas,8,8,42.0,42,42,True,0.8373522758483887
0,10,96,17,lucas,6,6,30.0,30,30,True,0.9608023166656494
0,10,97,19,lucas,6,6,42.0,42,46,True,0.9330072402954102
0,10,98,26,lucas,7,7,70.0,70,77,True,0.8658657073974609
0,10,99,22,lucas,8,8,52.0,52,52,True,0.8095748424530029
0,15,0,52,exact,427,427,267.0,267,202,True,1.5111665725708008
0,15,1,54,exact,437,437,701.0,,211,False,1.474637746810913
0,15,2,47,exact,402,402,615.0,,167,False,1.5261671543121338
0,15,3,53,exact,432,432,263.0,263,190,True,1.5472404956817627
0,15,4,45,exact,392,392,612.0,,163,False,1.4639849662780762
0,15,5,53,exact,432,432,258.0,258,179,True,1.492863416671753
0,15,6,56,exact,446,446,281.0,281,210,True,1.5256929397583008
0,15,7,50,exact,417,417,264.0,264,183,True,1.5835437774658203
0,15,8,53,exact,432,432,272.0,272,184,True,1.5835707187652588
0,15,9,51,exact,422,422,669.0,,188,False,1.507568597793579
0,15,10,45,exact,392,392,235.0,235,152,True,1.5188870429992676
0,15,11,47,exact,402,402,259.0,259,169,True,1.52042818069458
0,15,12,51,exact,422,422,244.0,244,202,True,1.49613618850708
0,15,13,53,exact,432,432,263.0,263,210,True,1.5134968757629395
0,15,14,54,exact,437,437,274.0,274,198,True,1.5210072994232178
0,15,15,50,exact,417,417,259.0,259,192,True,1.5264675617218018
0,15,16,52,exact,427,427,291.0,291,202,True,1.5875632762908936
0,15,17,51,exact,422,422,246.0,246,193,True,1.573317050933838
0,15,18,56,exact,446,446,735.0,,218,False,1.5364751815795898
0,15,19,45,exact,392,392,238.0,238,160,True,1.4708342552185059
0,15,20,54,exact,437,437,254.0,254,216,True,1.511322259902954
0,15,21,50,exact,417,417,249.0,249,191,True,1.4429333209991455
0,15,22,54,exact,437,437,238.0,238,214,True,1.5218429565429688
0,15,23,55,exact,442,442,293.0,293,232,True,1.5767993927001953
0,15,24,56,exact,446,446,278.0,278,218,True,1.566643238067627
0,15,25,53,exact,432,432,269.0,269,183,True,1.5344631671905518
0,15,26,57,exact,450,450,333.0,333,222,True,1.5282723903656006
0,15,27,57,exact,450,450,284.0,284,234,True,1.5676071643829346
0,15,28,48,exact,407,407,640.0,,173,False,1.5529146194458008
0,15,29,52,exact,427,427,688.0,,195,False,1.5257456302642822
0,15,30,60,exact,462,462,788.0,,257,False,1.5407392978668213
0,15,31,56,exact,446,446,343.0,343,237,True,1.5292112827301025
0,15,32,54,exact,437,437,286.0,286,199,True,1.522979736328125
0,15,33,53,exact,432,432,249.0,249,210,True,1.4706811904907227
0,15,34,52,exact,427,427,687.0,,190,False,1.488450527191162
0,15,35,53,exact,432,432,285.0,285,206,True,1.5629892349243164
0,15,36,39,exact,356,356,208.0,208,135,True,1.533979892730713
0,15,37,56,exact,446,446,294.0,294,217,True,1.539247989654541
0,15,38,47,exact,402,402,638.0,,167,False,1.4935545921325684
0,15,39,54,exact,437,437,309.0,309,217,True,1.479295015335083
0,15,40,54,exact,437,437,689.0,,203,False,1.5063440799713135
0,15,41,45,exact,392,392,226.0,226,146,True,1.498523235321045
0,15,42,44,exact,386,386,222.0,222,157,True,1.517909049987793
0,15,43,55,exact,442,442,274.0,274,216,True,1.5337471961975098
0,15,44,55,exact,442,442,721.0,,226,False,1.5264370441436768
0,15,45,55,exact,442,442,291.0,291,216,True,1.5126078128814697
0,15,46,41,exact,368,368,214.0,214,152,True,1.4800596237182617
0,15,47,64,exact,478,478,329.0,329,262,True,1.5342886447906494
0,15,48,55,exact,442,442,293.0,293,223,True,1.5387382507324219
0,15,49,53,exact,432,432,287.0,287,208,True,1.5378930568695068
0,15,50,52,exact,427,427,672.0,,198,False,1.4845335483551025
0,15,51,58,exact,454,454,255.0,255,225,True,1.4843089580535889
0,15,52,59,exact,458,458,756.0,,239,False,1.5306456089019775
0,15,53,48,exact,407,407,216.0,216,187,True,1.519380807876587
0,15,54,63,exact,474,474,359.0,359,252,True,1.5321791172027588
0,15,55,57,exact,450,450,283.0,283,230,True,1.495053768157959
0,15,56,49,exact,412,412,277.0,277,186,True,1.5264194011688232
0,15,57,43,exact,380,380,233.0,233,156,True,1.5088012218475342
0,15,58,51,exact,422,422,266.0,266,205,True,1.53753662109375
0,15,59,60,exact,462,462,301.0,301,243,True,1.5673751831054688
0,15,60,54,exact,437,437,294.0,294,210,True,1.53702974319458
0,15,61,62,exact,470,470,344.0,344,244,True,1.5888421535491943
0,15,62,53,exact,432,432,254.0,254,192,True,1.4969422817230225
0,15,63,51,exact,422,422,271.0,271,185,True,1.4792912006378174
0,15,64,44,exact,386,386,608.0,,150,False,1.5603358745574951
0,15,65,55,exact,442,442,278.0,278,191,True,1.5589170455932617
0,15,66,50,exact,417,417,679.0,,194,False,1.5670626163482666
0,15,67,50,exact,417,417,258.0,258,178,True,1.5775237083435059
0,15,68,56,exact,446,446,256.0,256,221,True,1.591728925704956
0,15,69,49,exact,412,412,668.0,,190,False,1.5811340808868408
0,15,70,50,exact,417,417,275.0,275,202,True,1.5784924030303955
0,15,71,57,exact,450,450,279.0,279,227,True,1.4917471408843994
0,15,72,53,exact,432,432,269.0,269,210,True,1.4811921119689941
0,15,73,57,exact,450,450,279.0,279,229,True,1.4803733825683594
0,15,74,51,exact,422,422,277.0,277,201,True,1.4578683376312256
0,15,75,52,exact,427,427,269.0,269,203,True,1.4892911911010742
0,15,76,53,exact,432,432,696.0,,189,False,1.5239810943603516
0,15,77,52,exact,427,427,272.0,272,190,True,1.5356802940368652
0,15,78,52,exact,427,427,255.0,255,191,True,1.533099889755249
0,15,79,50,exact,417,417,256.0,256,189,True,1.4867982864379883
0,15,80,57,exact,450,450,711.0,,238,False,1.5211331844329834
0,15,81,59,exact,458,458,748.0,,244,False,1.4901747703552246
0,15,82,44,exact,386,386,224.0,224,154,True,1.5005395412445068
0,15,83,55,exact,442,442,302.0,302,214,True,1.5022830963134766
0,15,84,54,exact,437,437,259.0,259,199,True,1.5224547386169434
0,15,85,52,exact,427,427,267.0,267,188,True,1.5911967754364014
0,15,86,61,exact,466,466,319.0,319,243,True,1.5944547653198242
0,15,87,57,exact,450,450,310.0,310,199,True,1.5870494842529297
0,15,88,55,exact,442,442,286.0,286,222,True,1.5742993354797363
0,15,89,43,exact,380,380,205.0,205,151,True,1.5506725311279297
0,15,90,50,exact,417,417,262.0,262,187,True,1.487267017364502
0,15,91,51,exact,422,422,268.0,268,193,True,1.5462517738342285
0,15,92,50,exact,417,417,264.0,264,198,True,1.5923678874969482
0,15,93,55,exact,442,442,291.0,291,211,True,1.5450232028961182
0,15,94,58,exact,454,454,311.0,311,229,True,1.505843162536621
0,15,95,61,exact,466,466,318.0,318,250,True,1.4864044189453125
0,15,96,50,exact,417,417,265.0,265,176,True,1.4727890491485596
0,15,97,59,exact,458,458,309.0,309,227,True,1.5630512237548828
0,15,98,63,exact,474,474,790.0,,242,False,1.5810482501983643
0,15,99,55,exact,442,442,282.0,282,221,True,1.5821514129638672
0,15,0,52,lucas,12,12,205.0,205,202,True,2.0941600799560547
0,15,1,54,lucas,12,12,208.0,208,211,True,2.080519676208496
0,15,2,47,lucas,10,10,170.0,170,167,True,2.2051033973693848
0,15,3,53,lucas,11,11,194.0,194,190,True,2.0403780937194824
0,15,4,45,lucas,10,10,163.0,163,163,True,2.197396993637085
0,15,5,53,lucas,11,11,182.0,182,179,True,2.161656379699707
0,15,6,56,lucas,11,11,208.0,208,210,True,2.1430535316467285
0,15,7,50,lucas,11,11,193.0,,183,False,2.0756285190582275
0,15,8,53,lucas,13,13,188.0,188,184,True,2.0006701946258545
0,15,9,51,lucas,12,12,186.0,186,188,True,2.063204765319824
0,15,10,45,lucas,10,10,151.0,151,152,True,2.1766672134399414
0,15,11,47,lucas,11,11,172.0,172,169,True,2.106088399887085
0,15,12,51,lucas,11,11,194.0,194,202,True,2.1465725898742676
0,15,13,53,lucas,10,10,211.0,211,210,True,2.219749689102173
0,15,14,54,lucas,11,11,197.0,197,198,True,2.121094226837158
0,15,15,50,lucas,11,11,187.0,187,192,True,2.0672147274017334
0,15,16,52,lucas,11,11,183.0,183,202,True,2.164039373397827
0,15,17,51,lucas,11,11,187.0,187,193,True,2.21799373626709
0,15,18,56,lucas,12,12,221.0,221,218,True,2.1100616455078125
0,15,19,45,lucas,10,10,152.0,152,160,True,2.1870968341827393
0,15,20,54,lucas,11,11,205.0,205,216,True,2.0668418407440186
0,15,21,50,lucas,10,10,193.0,193,191,True,2.226226568222046
0,15,22,54,lucas,11,11,212.0,212,214,True,2.163210391998291
0,15,23,55,lucas,11,11,222.0,222,232,True,2.1974480152130127
0,15,24,56,lucas,12,12,224.0,224,218,True,2.129051685333252
0,15,25,53,lucas,12,12,202.0,202,183,True,2.137556314468384
0,15,26,57,lucas,12,12,225.0,225,222,True,2.071455955505371
0,15,27,57,lucas,11,11,229.0,,234,False,2.125532865524292
0,15,28,48,lucas,9,9,174.0,174,173,True,2.341761589050293
0,15,29,52,lucas,10,10,196.0,196,195,True,2.2717947959899902
0,15,30,60,lucas,11,11,240.0,240,257,True,2.082841634750366
0,15,31,56,lucas,11,11,226.0,226,237,True,2.1331400871276855
0,15,32,54,lucas,12,12,200.0,200,199,True,2.0023019313812256
0,15,33,53,lucas,11,11,202.0,202,210,True,2.088229179382324
0,15,34,52,lucas,11,11,189.0,189,190,True,2.2054717540740967
0,15,35,53,lucas,10,10,206.0,206,206,True,2.221076011657715
0,15,36,39,lucas,9,9,134.0,134,135,True,2.3211593627929688
0,15,37,56,lucas,12,12,211.0,,217,False,2.0460665225982666
0,15,38,47,lucas,11,11,167.0,167,167,True,2.0826666355133057
0,15,39,54,lucas,11,11,203.0,203,217,True,2.1535894870758057
0,15,40,54,lucas,11,11,196.0,196,203,True,2.159857749938965
0,15,41,45,lucas,10,10,147.0,147,146,True,2.1965909004211426
0,15,42,44,lucas,11,11,159.0,159,157,True,2.1134815216064453
0,15,43,55,lucas,11,11,214.0,214,216,True,2.0874693393707275
0,15,44,55,lucas,10,10,216.0,216,226,True,2.2225732803344727
0,15,45,55,lucas,11,11,214.0,214,216,True,2.1452693939208984
0,15,46,41,lucas,9,9,136.0,136,152,True,2.2884325981140137
0,15,47,64,lucas,14,14,262.0,262,262,True,1.9802403450012207
0,15,48,55,lucas,12,12,222.0,222,223,True,2.0191195011138916
0,15,49,53,lucas,12,12,197.0,197,208,True,2.003716230392456
0,15,50,52,lucas,10,10,198.0,,198,False,2.136552572250366
0,15,51,58,lucas,11,11,225.0,225,225,True,2.2099623680114746
0,15,52,59,lucas,11,11,241.0,241,239,True,2.2226450443267822
0,15,53,48,lucas,11,11,165.0,165,187,True,2.1374282836914062
0,15,54,63,lucas,12,12,254.0,254,252,True,2.0925278663635254
0,15,55,57,lucas,11,11,229.0,229,230,True,2.176182508468628
0,15,56,49,lucas,10,10,182.0,182,186,True,2.2766270637512207
0,15,57,43,lucas,9,9,155.0,155,156,True,2.3984158039093018
0,15,58,51,lucas,10,10,201.0,201,205,True,2.2900004386901855
0,15,59,60,lucas,12,12,231.0,231,243,True,2.129718542098999
0,15,60,54,lucas,11,11,203.0,,210,False,2.1694998741149902
0,15,61,62,lucas,14,14,258.0,258,244,True,1.941777229309082
0,15,62,53,lucas,11,11,191.0,191,192,True,2.1846747398376465
0,15,63,51,lucas,11,11,188.0,188,185,True,2.1674692630767822
0,15,64,44,lucas,9,9,153.0,153,150,True,2.280780792236328
0,15,65,55,lucas,12,12,191.0,191,191,True,2.0135445594787598
0,15,66,50,lucas,9,9,189.0,189,194,True,2.265810966491699
0,15,67,50,lucas,12,12,183.0,183,178,True,2.051076650619507
0,15,68,56,lucas,11,11,222.0,222,221,True,2.1634647846221924
0,15,69,49,lucas,11,11,178.0,178,190,True,2.149655342102051
0,15,70,50,lucas,10,10,194.0,194,202,True,2.2299461364746094
0,15,71,57,lucas,11,11,232.0,232,227,True,2.1922073364257812
0,15,72,53,lucas,12,12,213.0,213,210,True,2.09233021736145
0,15,73,57,lucas,12,12,237.0,237,229,True,2.0736892223358154
0,15,74,51,lucas,11,11,177.0,177,201,True,2.2063543796539307
0,15,75,52,lucas,12,12,203.0,203,203,True,2.1475203037261963
0,15,76,53,lucas,12,12,200.0,200,189,True,2.1065986156463623
0,15,77,52,lucas,11,11,193.0,193,190,True,2.136767864227295
0,15,78,52,lucas,11,11,193.0,,191,False,2.1597774028778076
0,15,79,50,lucas,12,12,182.0,182,189,True,2.109027624130249
0,15,80,57,lucas,11,11,235.0,235,238,True,2.2050399780273438
0,15,81,59,lucas,12,12,245.0,245,244,True,2.141566753387451
0,15,82,44,lucas,9,9,153.0,153,154,True,2.3705012798309326
0,15,83,55,lucas,12,12,222.0,,214,False,2.10551118850708
0,15,84,54,lucas,11,11,201.0,201,199,True,2.148690700531006
0,15,85,52,lucas,10,10,194.0,194,188,True,2.2442426681518555
0,15,86,61,lucas,11,11,246.0,246,243,True,2.2259135246276855
0,15,87,57,lucas,12,12,202.0,202,199,True,2.1557776927948
0,15,88,55,lucas,10,10,228.0,228,222,True,2.2229177951812744
0,15,89,43,lucas,8,8,149.0,149,151,True,2.47872257232666
0,15,90,50,lucas,11,11,186.0,186,187,True,2.173339605331421
0,15,91,51,lucas,11,11,199.0,199,193,True,2.1936442852020264
0,15,92,50,lucas,11,11,194.0,194,198,True,2.2117769718170166
0,15,93,55,lucas,13,13,209.0,209,211,True,2.0753860473632812
0,15,94,58,lucas,12,12,235.0,235,229,True,2.1191694736480713
0,15,95,61,lucas,12,12,246.0,246,250,True,2.1237006187438965
0,15,96,50,lucas,11,11,185.0,185,176,True,2.147547960281372
0,15,97,59,lucas,13,13,229.0,229,227,True,2.01127028465271
0,15,98,63,lucas,12,12,247.0,247,242,True,2.08044695854187
0,15,99,55,lucas,11,11,223.0,223,221,True,2.054908514022827
0,20,0,96,exact,1033,1033,3721.0,,491,False,3.2633512020111084
0,20,1,113,exact,1127,1127,1917.0,,616,False,3.484631061553955
0,20,2,84,exact,954,954,1545.0,,406,False,3.488109827041626
0,20,3,99,exact,1051,1051,3820.0,,510,False,3.5028159618377686
0,20,4,75,exact,888,888,2343.0,,378,False,3.4333834648132324
0,20,5,95,exact,1027,1027,2690.0,,522,False,3.4028234481811523
0,20,6,92,exact,1009,1009,1699.0,,475,False,3.3794686794281006
0,20,7,94,exact,1021,1021,2726.0,,494,False,3.3294215202331543
0,20,8,95,exact,1027,1027,1674.0,,455,False,3.297646999359131
0,20,9,96,exact,1033,1033,1717.0,,499,False,3.3556511402130127
0,20,10,98,exact,1045,1045,2812.0,,503,False,3.5053811073303223
0,20,11,96,exact,1033,1033,2761.0,,490,False,3.490084171295166
0,20,12,89,exact,989,989,2603.0,,438,False,3.446516513824463
0,20,13,93,exact,1015,1015,2680.0,,467,False,3.436516761779785
0,20,14,101,exact,1063,1063,3875.0,,531,False,3.500866413116455
0,20,15,91,exact,1003,1003,1662.0,,442,False,3.268761157989502
0,20,16,85,exact,961,961,2483.0,,427,False,3.3434996604919434
0,20,17,99,exact,1051,1051,3869.0,,529,False,3.380580186843872
0,20,18,99,exact,1051,1051,3810.0,,502,False,3.383600950241089
0,20,19,93,exact,1015,1015,2663.0,,501,False,3.464695692062378
0,20,20,104,exact,1081,1081,2902.0,,530,False,3.422363519668579
0,20,21,100,exact,1057,1057,1784.0,,552,False,3.5026516914367676
0,20,22,87,exact,975,975,2505.0,,398,False,3.4428646564483643
0,20,23,97,exact,1039,1039,1683.0,,517,False,3.4349260330200195
0,20,24,95,exact,1027,1027,2685.0,,492,False,3.476907730102539
0,20,25,99,exact,1051,1051,637.0,637,517,True,3.5053863525390625
0,20,26,103,exact,1075,1075,3912.0,,531,False,3.488100528717041
0,20,27,102,exact,1069,1069,2819.0,,547,False,3.4336113929748535
0,20,28,92,exact,1009,1009,2665.0,,471,False,3.4601047039031982
0,20,29,84,exact,954,954,2481.0,,426,False,3.4876649379730225
0,20,30,80,exact,926,926,3322.0,,400,False,3.3807566165924072
0,20,31,91,exact,1003,1003,2656.0,,479,False,3.3508589267730713
0,20,32,96,exact,1033,1033,1738.0,,511,False,3.501474618911743
0,20,33,94,exact,1021,1021,4717.0,,477,False,3.3923745155334473
0,20,34,96,exact,1033,1033,2761.0,,507,False,3.361692190170288
0,20,35,89,exact,989,989,2640.0,,464,False,3.4090633392333984
0,20,36,84,exact,954,954,2487.0,,400,False,3.4881417751312256
0,20,37,88,exact,982,982,3513.0,,463,False,3.3953566551208496
0,20,38,91,exact,1003,1003,2621.0,,461,False,3.4479472637176514
0,20,39,91,exact,1003,1003,4563.0,,478,False,3.4837253093719482
0,20,40,83,exact,947,947,1525.0,,405,False,3.490678310394287
0,20,41,92,exact,1009,1009,628.0,628,463,True,3.4687325954437256
0,20,42,97,exact,1039,1039,2759.0,,499,False,3.4122073650360107
0,20,43,88,exact,982,982,2503.0,,446,False,3.492706060409546
0,20,44,105,exact,1087,1087,3961.0,,590,False,3.458143711090088
0,20,45,90,exact,996,996,3587.0,,479,False,3.4054806232452393
0,20,46,89,exact,989,989,3550.0,,442,False,3.4643983840942383
0,20,47,101,exact,1063,1063,2798.0,,515,False,3.3992345333099365
0,20,48,86,exact,968,968,2540.0,,421,False,3.4643940925598145
0,20,49,98,exact,1045,1045,3786.0,,503,False,3.4355969429016113
0,20,50,93,exact,1015,1015,2693.0,,474,False,3.4503400325775146
0,20,51,85,exact,961,961,2573.0,,453,False,3.490601062774658
0,20,52,91,exact,1003,1003,3632.0,,478,False,3.38039493560791
0,20,53,103,exact,1075,1075,3924.0,,561,False,3.4499685764312744
0,20,54,90,exact,996,996,1600.0,,467,False,3.4769809246063232
0,20,55,89,exact,989,989,2661.0,,460,False,3.477132797241211
0,20,56,99,exact,1051,1051,3811.0,,502,False,3.4610347747802734
0,20,57,95,exact,1027,1027,2684.0,,487,False,3.418678045272827
0,20,58,102,exact,1069,1069,3884.0,,538,False,3.5102076530456543
0,20,59,93,exact,1015,1015,2655.0,,443,False,3.4086272716522217
0,20,60,94,exact,1021,1021,2638.0,,522,False,3.4421303272247314
0,20,61,86,exact,968,968,2497.0,,417,False,3.467425584793091
0,20,62,90,exact,996,996,1657.0,,436,False,3.5088720321655273
0,20,63,88,exact,982,982,1566.0,,441,False,3.4667763710021973
0,20,64,98,exact,1045,1045,3794.0,,540,False,3.4104998111724854
0,20,65,92,exact,1009,1009,3657.0,,432,False,3.492480754852295
0,20,66,99,exact,1051,1051,2809.0,,529,False,3.3374075889587402
0,20,67,97,exact,1039,1039,1730.0,,504,False,3.300077438354492
0,20,68,102,exact,1069,1069,3914.0,,522,False,3.3572323322296143
0,20,69,93,exact,1015,1015,2653.0,,480,False,3.383497953414917
0,20,70,92,exact,1009,1009,3671.0,,465,False,3.477844476699829
0,20,71,100,exact,1057,1057,3924.0,,519,False,3.4542429447174072
0,20,72,101,exact,1063,1063,3889.0,,549,False,3.3391594886779785
0,20,73,92,exact,1009,1009,2633.0,,475,False,3.397725820541382
0,20,74,78,exact,912,912,2348.0,,381,False,3.3727245330810547
0,20,75,94,exact,1021,1021,1650.0,,467,False,3.433030843734741
0,20,76,93,exact,1015,1015,3684.0,,485,False,3.4817142486572266
0,20,77,103,exact,1075,1075,2915.0,,560,False,3.5063529014587402
0,20,78,100,exact,1057,1057,2832.0,,524,False,3.4753851890563965
0,20,79,87,exact,975,975,2549.0,,439,False,3.404367685317993
0,20,80,103,exact,1075,1075,2868.0,,559,False,3.5151777267456055
0,20,81,97,exact,1039,1039,1696.0,,462,False,3.422032594680786
0,20,82,92,exact,1009,1009,1660.0,,456,False,3.4401161670684814
0,20,83,95,exact,1027,1027,2724.0,,501,False,3.4754679203033447
0,20,84,98,exact,1045,1045,3846.0,,496,False,3.505882501602173
0,20,85,103,exact,1075,1075,5000.0,,561,False,3.3662948608398438
0,20,86,101,exact,1063,1063,2807.0,,534,False,3.2940118312835693
0,20,87,85,exact,961,961,1573.0,,430,False,3.3588969707489014
0,20,88,100,exact,1057,1057,2840.0,,530,False,3.473830223083496
0,20,89,95,exact,1027,1027,2676.0,,501,False,3.4027628898620605
0,20,90,97,exact,1039,1039,2750.0,,475,False,3.4639217853546143
0,20,91,75,exact,888,888,1429.0,,363,False,3.479262351989746
0,20,92,86,exact,968,968,3473.0,,411,False,3.467857837677002
0,20,93,92,exact,1009,1009,3633.0,,460,False,3.431513786315918
0,20,94,93,exact,1015,1015,2699.0,,482,False,3.4456565380096436
0,20,95,107,exact,1097,1097,2925.0,,545,False,3.5216619968414307
0,20,96,97,exact,1039,1039,2726.0,,511,False,3.3860552310943604
0,20,97,89,exact,989,989,2604.0,,449,False,3.4684934616088867
0,20,98,99,exact,1051,1051,2822.0,,542,False,3.502006769180298
0,20,99,87,exact,975,975,3540.0,,413,False,3.4820139408111572
0,20,0,96,lucas,15,15,482.0,,491,False,4.30799674987793
0,20,1,113,lucas,17,17,633.0,633,616,True,4.2153990268707275
0,20,2,84,lucas,12,12,411.0,411,406,True,4.596972942352295
0,20,3,99,lucas,16,16,532.0,,510,False,4.098905563354492
0,20,4,75,lucas,12,12,349.0,349,378,True,4.592689275741577
0,20,5,95,lucas,14,14,503.0,503,522,True,4.510250091552734
0,20,6,92,lucas,14,14,476.0,,475,False,4.4307427406311035
0,20,7,94,lucas,15,15,489.0,489,494,True,4.452926874160767
0,20,8,95,lucas,13,13,470.0,470,455,True,4.475777864456177
0,20,9,96,lucas,15,15,511.0,,499,False,4.355443954467773
0,20,10,98,lucas,14,14,500.0,500,503,True,4.4216368198394775
0,20,11,96,lucas,15,15,501.0,501,490,True,4.2087953090667725
0,20,12,89,lucas,12,12,430.0,430,438,True,4.607633590698242
0,20,13,93,lucas,14,14,477.0,477,467,True,4.4190452098846436
0,20,14,101,lucas,15,15,533.0,533,531,True,4.261151552200317
0,20,15,91,lucas,16,16,462.0,462,442,True,4.176216125488281
0,20,16,85,lucas,14,14,449.0,,427,False,4.342347621917725
0,20,17,99,lucas,14,14,536.0,,529,False,4.29323673248291
0,20,18,99,lucas,15,15,509.0,509,502,True,4.207279682159424
0,20,19,93,lucas,14,14,501.0,,501,False,4.289293050765991
0,20,20,104,lucas,16,16,547.0,,530,False,4.207030296325684
0,20,21,100,lucas,14,14,537.0,537,552,True,4.4375951290130615
0,20,22,87,lucas,14,14,410.0,410,398,True,4.514535427093506
0,20,23,97,lucas,14,14,505.0,,517,False,4.371885061264038
0,20,24,95,lucas,16,16,491.0,491,492,True,4.313247919082642
0,20,25,99,lucas,15,15,535.0,,517,False,4.2133400440216064
0,20,26,103,lucas,15,15,541.0,541,531,True,4.235735893249512
0,20,27,102,lucas,15,15,560.0,560,547,True,4.351454019546509
0,20,28,92,lucas,16,16,456.0,456,471,True,4.2702062129974365
0,20,29,84,lucas,15,15,432.0,432,426,True,4.261362314224243
0,20,30,80,lucas,12,12,400.0,400,400,True,4.795181751251221
0,20,31,91,lucas,14,14,497.0,,479,False,4.249820947647095
0,20,32,96,lucas,15,15,512.0,,511,False,4.20421838760376
0,20,33,94,lucas,13,13,485.0,485,477,True,4.562738656997681
0,20,34,96,lucas,14,14,524.0,524,507,True,4.345958232879639
0,20,35,89,lucas,15,15,454.0,454,464,True,4.21537709236145
0,20,36,84,lucas,14,14,401.0,401,400,True,4.319895029067993
0,20,37,88,lucas,16,16,484.0,,463,False,4.09332275390625
0,20,38,91,lucas,15,15,466.0,466,461,True,4.348978519439697
0,20,39,91,lucas,15,15,507.0,,478,False,4.153400897979736
0,20,40,83,lucas,12,12,413.0,413,405,True,4.51703953742981
0,20,41,92,lucas,16,16,495.0,,463,False,4.243523120880127
0,20,42,97,lucas,15,15,516.0,,499,False,4.28472900390625
0,20,43,88,lucas,14,14,451.0,451,446,True,4.311007738113403
0,20,44,105,lucas,15,15,546.0,,590,False,4.2442145347595215
0,20,45,90,lucas,14,14,425.0,425,479,True,4.273734092712402
0,20,46,89,lucas,14,14,463.0,463,442,True,4.3039467334747314
0,20,47,101,lucas,14,14,525.0,525,515,True,4.362561941146851
0,20,48,86,lucas,12,12,425.0,,421,False,4.556859731674194
0,20,49,98,lucas,14,14,509.0,509,503,True,4.38623571395874
0,20,50,93,lucas,15,15,490.0,490,474,True,4.333545446395874
0,20,51,85,lucas,12,12,405.0,405,453,True,4.644000768661499
0,20,52,91,lucas,14,14,475.0,475,478,True,4.476717472076416
0,20,53,103,lucas,15,15,587.0,,561,False,4.233675241470337
0,20,54,90,lucas,14,14,457.0,,467,False,4.115411996841431
0,20,55,89,lucas,13,13,449.0,449,460,True,4.5468926429748535
0,20,56,99,lucas,14,14,519.0,519,502,True,4.444256544113159
0,20,57,95,lucas,13,13,479.0,479,487,True,4.456842660903931
0,20,58,102,lucas,15,15,556.0,,538,False,4.387367486953735
0,20,59,93,lucas,14,14,451.0,451,443,True,4.223496198654175
0,20,60,94,lucas,14,14,468.0,468,522,True,4.403592586517334
0,20,61,86,lucas,14,14,434.0,,417,False,4.391169786453247
0,20,62,90,lucas,14,14,458.0,458,436,True,4.289302825927734
0,20,63,88,lucas,15,15,463.0,,441,False,4.1747307777404785
0,20,64,98,lucas,14,14,536.0,536,540,True,4.3492443561553955
0,20,65,92,lucas,13,13,438.0,438,432,True,4.332383871078491
0,20,66,99,lucas,16,16,550.0,550,529,True,4.116946220397949
0,20,67,97,lucas,15,15,517.0,517,504,True,4.2237229347229
0,20,68,102,lucas,16,16,563.0,563,522,True,4.257728815078735
0,20,69,93,lucas,15,15,512.0,512,480,True,4.3394081592559814
0,20,70,92,lucas,13,13,489.0,489,465,True,4.462055683135986
0,20,71,100,lucas,15,15,531.0,531,519,True,4.310904502868652
0,20,72,101,lucas,15,15,572.0,572,549,True,4.3694188594818115
0,20,73,92,lucas,17,17,473.0,473,475,True,4.194407224655151
0,20,74,78,lucas,15,15,382.0,382,381,True,4.255467891693115
0,20,75,94,lucas,13,13,473.0,473,467,True,4.572371006011963
0,20,76,93,lucas,15,15,493.0,,485,False,4.250622034072876
0,20,77,103,lucas,15,15,563.0,563,560,True,4.345046758651733
0,20,78,100,lucas,15,15,511.0,511,524,True,4.3868231773376465
0,20,79,87,lucas,14,14,456.0,456,439,True,4.401637077331543
0,20,80,103,lucas,14,14,587.0,587,559,True,4.293721437454224
0,20,81,97,lucas,17,17,517.0,,462,False,4.087996244430542
0,20,82,92,lucas,16,16,467.0,467,456,True,4.127000570297241
0,20,83,95,lucas,13,13,493.0,493,501,True,4.4548962116241455
0,20,84,98,lucas,14,14,497.0,497,496,True,4.4665727615356445
0,20,85,103,lucas,14,14,559.0,559,561,True,4.274459362030029
0,20,86,101,lucas,14,14,527.0,527,534,True,4.513157606124878
0,20,87,85,lucas,13,13,423.0,,430,False,4.430771589279175
0,20,88,100,lucas,15,15,531.0,,530,False,4.323320627212524
0,20,89,95,lucas,15,15,515.0,,501,False,4.253618478775024
0,20,90,97,lucas,14,14,480.0,480,475,True,4.441725254058838
0,20,91,75,lucas,13,13,379.0,,363,False,4.422492265701294
0,20,92,86,lucas,13,13,411.0,411,411,True,4.517879962921143
0,20,93,92,lucas,17,17,505.0,,460,False,4.129114627838135
0,20,94,93,lucas,14,14,491.0,491,482,True,4.492908000946045
0,20,95,107,lucas,17,17,555.0,555,545,True,4.201539754867554
0,20,96,97,lucas,14,14,509.0,509,511,True,4.346918106079102
0,20,97,89,lucas,14,14,455.0,455,449,True,4.491734266281128
0,20,98,99,lucas,15,15,539.0,539,542,True,4.291049003601074
0,20,99,87,lucas,14,14,424.0,424,413,True,4.390225887298584
0,25,0,146,exact,1986,1986,9209.0,,997,False,6.28169846534729
0,25,1,144,exact,1970,1970,13136.0,,940,False,6.422834873199463
0,25,2,151,exact,2026,2026,15479.0,,1014,False,6.43155312538147
0,25,3,138,exact,1922,1922,14602.0,,857,False,6.4700353145599365
0,25,4,133,exact,1879,1879,12403.0,,843,False,6.434368848800659
0,25,5,139,exact,1930,1930,10843.0,,877,False,6.47912859916687
0,25,6,139,exact,1930,1930,12784.0,,879,False,6.366868019104004
0,25,7,145,exact,1978,1978,15126.0,,980,False,6.509692192077637
0,25,8,163,exact,2112,2112,16200.0,,1059,False,6.228211164474487
0,25,9,145,exact,1978,1978,15065.0,,926,False,6.231430530548096
0,25,10,145,exact,1978,1978,11157.0,,939,False,6.20773458480835
0,25,11,152,exact,2034,2034,11443.0,,983,False,6.511414289474487
0,25,12,150,exact,2018,2018,13334.0,,981,False,6.457172870635986
0,25,13,142,exact,1954,1954,12917.0,,882,False,6.411216974258423
0,25,14,137,exact,1914,1914,14554.0,,854,False,6.4637064933776855
0,25,15,153,exact,2042,2042,13673.0,,1056,False,6.449389696121216
0,25,16,139,exact,1930,1930,14701.0,,889,False,6.470978498458862
0,25,17,152,exact,2034,2034,15606.0,,1009,False,6.2118682861328125
0,25,18,157,exact,2070,2070,13807.0,,1082,False,6.402371644973755
0,25,19,142,exact,1954,1954,7014.0,,932,False,6.409878253936768
0,25,20,147,exact,1994,1994,11230.0,,934,False,6.467523097991943
0,25,21,136,exact,1906,1906,14466.0,,893,False,6.4235594272613525
0,25,22,148,exact,2002,2002,15323.0,,977,False,6.265018701553345
0,25,23,132,exact,1870,1870,10440.0,,853,False,6.195350885391235
0,25,24,144,exact,1970,1970,10998.0,,944,False,6.184789419174194
0,25,25,143,exact,1962,1962,10995.0,,892,False,6.253275394439697
0,25,26,139,exact,1930,1930,12783.0,,890,False,6.226398229598999
0,25,27,152,exact,2034,2034,13532.0,,1003,False,6.499392747879028
0,25,28,163,exact,2112,2112,14102.0,,1092,False,6.405191898345947
0,25,29,143,exact,1962,1962,9090.0,,885,False,6.278567790985107
0,25,30,147,exact,1994,1994,15237.0,,931,False,6.187411308288574
0,25,31,151,exact,2026,2026,11392.0,,1013,False,6.245798587799072
0,25,32,156,exact,2063,2063,13772.0,,1023,False,6.423986911773682
0,25,33,144,exact,1970,1970,16967.0,,938,False,6.488621950149536
0,25,34,148,exact,2002,2002,13341.0,,967,False,6.455408334732056
0,25,35,154,exact,2049,2049,11584.0,,1067,False,6.40941596031189
0,25,36,151,exact,2026,2026,13449.0,,989,False,6.4897072315216064
0,25,37,167,exact,2140,2140,14309.0,,1131,False,6.16054630279541
0,25,38,146,exact,1986,1986,13189.0,,952,False,6.269006252288818
0,25,39,156,exact,2063,2063,17762.0,,1025,False,6.1650755405426025
0,25,40,137,exact,1914,1914,12600.0,,884,False,6.273800611495972
0,25,41,158,exact,2077,2077,17998.0,,1054,False,6.45095419883728
0,25,42,147,exact,1994,1994,15177.0,,906,False,6.423074960708618
0,25,43,155,exact,2056,2056,13725.0,,1051,False,6.495445489883423
0,25,44,131,exact,1861,1861,14181.0,,869,False,6.214065074920654
0,25,45,152,exact,2034,2034,11526.0,,1010,False,6.476221323013306
0,25,46,146,exact,1986,1986,19049.0,,986,False,6.37951397895813
0,25,47,158,exact,2077,2077,13762.0,,1053,False,6.514158487319946
0,25,48,140,exact,1938,1938,12814.0,,880,False,6.426631212234497
0,25,49,131,exact,1861,1861,10422.0,,863,False,6.2061426639556885
0,25,50,151,exact,2026,2026,13465.0,,994,False,6.258420705795288
0,25,51,160,exact,2091,2091,11845.0,,1074,False,6.259079217910767
0,25,52,154,exact,2049,2049,13634.0,,1007,False,6.485932350158691
0,25,53,157,exact,2070,2070,11732.0,,1067,False,6.396933317184448
0,25,54,128,exact,1834,1834,12150.0,,793,False,6.4766154289245605
0,25,55,156,exact,2063,2063,13727.0,,1054,False,6.466223478317261
0,25,56,149,exact,2010,2010,15388.0,,959,False,6.22426438331604
0,25,57,154,exact,2049,2049,15708.0,,974,False,6.265010118484497
0,25,58,145,exact,1978,1978,9164.0,,951,False,6.217247247695923
0,25,59,152,exact,2034,2034,13478.0,,1023,False,6.4987194538116455
0,25,60,163,exact,2112,2112,16191.0,,1081,False,6.384136199951172
0,25,61,149,exact,2010,2010,13305.0,,958,False,6.471601963043213
0,25,62,151,exact,2026,2026,11452.0,,993,False,6.241082191467285
0,25,63,149,exact,2010,2010,13359.0,,990,False,6.41517448425293
0,25,64,157,exact,2070,2070,11743.0,,1010,False,6.480796813964844
0,25,65,170,exact,2161,2161,18776.0,,1153,False,6.443526983261108
0,25,66,152,exact,2034,2034,11506.0,,1010,False,6.441500186920166
0,25,67,145,exact,1978,1978,13045.0,,983,False,6.416685342788696
0,25,68,157,exact,2070,2070,15819.0,,1071,False,6.455255508422852
0,25,69,157,exact,2070,2070,13795.0,,1045,False,6.508731126785278
0,25,70,161,exact,2098,2098,16009.0,,1126,False,6.38395881652832
0,25,71,170,exact,2161,2161,12210.0,,1183,False,6.5302894115448
0,25,72,156,exact,2063,2063,7595.0,,1051,False,6.479325294494629
0,25,73,158,exact,2077,2077,13808.0,,1072,False,6.408306837081909
0,25,74,150,exact,2018,2018,13466.0,,979,False,6.482619047164917
0,25,75,150,exact,2018,2018,11380.0,,952,False,6.4315385818481445
0,25,76,144,exact,1970,1970,11047.0,,939,False,6.460568904876709
0,25,77,155,exact,2056,2056,15775.0,,1014,False,6.2557313442230225
0,25,78,149,exact,2010,2010,11372.0,,1010,False,6.443731307983398
0,25,79,149,exact,2010,2010,13241.0,,987,False,6.658153533935547
0,25,80,154,exact,2049,2049,15637.0,,1034,False,6.505557060241699
0,25,81,147,exact,1994,1994,13207.0,,932,False,6.547845125198364
0,25,82,145,exact,1978,1978,11149.0,,946,False,6.4734251499176025
0,25,83,146,exact,1986,1986,7230.0,,950,False,6.4043262004852295
0,25,84,158,exact,2077,2077,11803.0,,1036,False,6.498955249786377
0,25,85,174,exact,2186,2186,14594.0,,1218,False,6.260271072387695
0,25,86,165,exact,2126,2126,16346.0,,1063,False,6.242202997207642
0,25,87,163,exact,2112,2112,14052.0,,1101,False,6.473597526550293
0,25,88,165,exact,2126,2126,11990.0,,1167,False,6.254441022872925
0,25,89,144,exact,1970,1970,11067.0,,946,False,6.283236742019653
0,25,90,157,exact,2070,2070,17920.0,,1063,False,6.133148670196533
0,25,91,162,exact,2105,2105,16082.0,,1138,False,6.2771687507629395
0,25,92,152,exact,2034,2034,11550.0,,965,False,6.232195854187012
0,25,93,156,exact,2063,2063,11653.0,,1015,False,6.43068528175354
0,25,94,151,exact,2026,2026,15460.0,,1008,False,6.472749948501587
0,25,95,142,exact,1954,1954,14929.0,,862,False,6.409259796142578
0,25,96,146,exact,1986,1986,13162.0,,993,False,6.439362049102783
0,25,97,135,exact,1897,1897,10606.0,,872,False,6.418354272842407
0,25,98,144,exact,1970,1970,11074.0,,909,False,6.1910645961761475
0,25,99,132,exact,1870,1870,8638.0,,804,False,6.259855270385742
0,25,0,146,lucas,17,17,978.0,,997,False,7.674590110778809
0,25,1,144,lucas,17,17,931.0,,940,False,7.915132522583008
0,25,2,151,lucas,17,17,1034.0,,1014,False,7.900709629058838
0,25,3,138,lucas,18,18,909.0,,857,False,7.678653717041016
0,25,4,133,lucas,17,17,874.0,,843,False,7.725094556808472
0,25,5,139,lucas,16,16,910.0,910,877,True,7.6933958530426025
0,25,6,139,lucas,18,18,952.0,,879,False,7.543074369430542
0,25,7,145,lucas,18,18,1011.0,1011,980,True,7.729091167449951
0,25,8,163,lucas,20,20,1120.0,,1059,False,7.525694847106934
0,25,9,145,lucas,16,16,952.0,952,926,True,8.134538650512695
0,25,10,145,lucas,17,17,1000.0,,939,False,7.653599500656128
0,25,11,152,lucas,19,19,1044.0,,983,False,7.584394454956055
0,25,12,150,lucas,16,16,1008.0,,981,False,7.839679002761841
0,25,13,142,lucas,20,20,988.0,,882,False,7.616456985473633
0,25,14,137,lucas,17,17,897.0,,854,False,7.9295830726623535
0,25,15,153,lucas,17,17,1021.0,,1056,False,7.940258502960205
0,25,16,139,lucas,18,18,927.0,,889,False,7.822275161743164
0,25,17,152,lucas,17,17,1079.0,,1009,False,7.57952880859375
0,25,18,157,lucas,18,18,1038.0,1038,1082,True,7.594821453094482
0,25,19,142,lucas,17,17,964.0,,932,False,7.656299114227295
0,25,20,147,lucas,21,21,988.0,,934,False,7.0866804122924805
0,25,21,136,lucas,18,18,909.0,,893,False,7.687666893005371
0,25,22,148,lucas,19,19,1021.0,,977,False,7.605246067047119
0,25,23,132,lucas,18,18,891.0,,853,False,7.704092264175415
0,25,24,144,lucas,19,19,973.0,,944,False,7.3641037940979
0,25,25,143,lucas,17,17,948.0,,892,False,7.7262303829193115
0,25,26,139,lucas,17,17,859.0,,890,False,7.532569646835327
0,25,27,152,lucas,19,19,1016.0,,1003,False,7.822126388549805
0,25,28,163,lucas,18,18,1124.0,,1092,False,7.913495779037476
0,25,29,143,lucas,15,15,884.0,,885,False,8.167176961898804
0,25,30,147,lucas,18,18,968.0,,931,False,7.687373876571655
0,25,31,151,lucas,16,16,1037.0,1037,1013,True,8.120654821395874
0,25,32,156,lucas,18,18,1043.0,,1023,False,7.8402791023254395
0,25,33,144,lucas,17,17,960.0,960,938,True,7.92920994758606
0,25,34,148,lucas,17,17,1026.0,,967,False,7.850888013839722
0,25,35,154,lucas,17,17,1086.0,,1067,False,7.903240919113159
0,25,36,151,lucas,21,21,1077.0,,989,False,7.3787477016448975
0,25,37,167,lucas,18,18,1151.0,1151,1131,True,7.724353313446045
0,25,38,146,lucas,19,19,988.0,988,952,True,7.5951128005981445
0,25,39,156,lucas,17,17,1066.0,,1025,False,7.899897336959839
0,25,40,137,lucas,17,17,895.0,,884,False,7.772586345672607
0,25,41,158,lucas,18,18,1096.0,,1054,False,7.7163121700286865
0,25,42,147,lucas,17,17,950.0,,906,False,7.83091139793396
0,25,43,155,lucas,17,17,1058.0,,1051,False,7.830182313919067
0,25,44,131,lucas,19,19,882.0,882,869,True,7.483567714691162
0,25,45,152,lucas,16,16,1018.0,1018,1010,True,7.936521053314209
0,25,46,146,lucas,17,17,941.0,941,986,True,7.87906551361084
0,25,47,158,lucas,18,18,1086.0,1086,1053,True,7.526390314102173
0,25,48,140,lucas,17,17,902.0,902,880,True,7.5396409034729
0,25,49,131,lucas,18,18,868.0,,863,False,7.5481932163238525
0,25,50,151,lucas,16,16,1015.0,,994,False,8.002447605133057
0,25,51,160,lucas,18,18,1111.0,,1074,False,7.418399810791016
0,25,52,154,lucas,17,17,1057.0,,1007,False,7.707078695297241
0,25,53,157,lucas,17,17,1057.0,1057,1067,True,7.691759824752808
0,25,54,128,lucas,16,16,810.0,,793,False,7.726174592971802
0,25,55,156,lucas,20,20,1090.0,1090,1054,True,7.3615782260894775
0,25,56,149,lucas,17,17,1002.0,,959,False,7.550541877746582
0,25,57,154,lucas,18,18,1007.0,1007,974,True,7.439655780792236
0,25,58,145,lucas,16,16,994.0,994,951,True,7.850511789321899
0,25,59,152,lucas,17,17,1039.0,,1023,False,7.67000150680542
0,25,60,163,lucas,18,18,1105.0,,1081,False,7.451298952102661
0,25,61,149,lucas,17,17,986.0,986,958,True,7.668044567108154
0,25,62,151,lucas,17,17,1000.0,1000,993,True,7.765550851821899
0,25,63,149,lucas,19,19,997.0,,990,False,7.33402943611145
0,25,64,157,lucas,18,18,1036.0,1036,1010,True,7.708857297897339
0,25,65,170,lucas,18,18,1168.0,1168,1153,True,7.603343725204468
0,25,66,152,lucas,17,17,1049.0,,1010,False,7.650695562362671
0,25,67,145,lucas,15,15,986.0,986,983,True,8.004809856414795
0,25,68,157,lucas,19,19,1094.0,,1071,False,7.344566345214844
0,25,69,157,lucas,19,19,1060.0,,1045,False,7.4989914894104
0,25,70,161,lucas,19,19,1134.0,,1126,False,7.553035497665405
0,25,71,170,lucas,20,20,1254.0,,1183,False,7.601401090621948
0,25,72,156,lucas,18,18,1107.0,,1051,False,7.916003942489624
0,25,73,158,lucas,19,19,1133.0,,1072,False,7.453165531158447
0,25,74,150,lucas,17,17,998.0,998,979,True,7.682524919509888
0,25,75,150,lucas,17,17,985.0,,952,False,7.816340208053589
0,25,76,144,lucas,17,17,932.0,,939,False,7.670974493026733
0,25,77,155,lucas,20,20,1082.0,,1014,False,7.544885873794556
0,25,78,149,lucas,17,17,994.0,,1010,False,7.887357234954834
0,25,79,149,lucas,17,17,979.0,,987,False,7.8098835945129395
0,25,80,154,lucas,19,19,1070.0,,1034,False,7.7788848876953125
0,25,81,147,lucas,16,16,951.0,951,932,True,8.049452543258667
0,25,82,145,lucas,15,15,952.0,952,946,True,8.154342651367188
0,25,83,146,lucas,16,16,972.0,,950,False,7.935650825500488
0,25,84,158,lucas,21,21,1098.0,,1036,False,7.4180848598480225
0,25,85,174,lucas,21,21,1233.0,1233,1218,True,7.509899377822876
0,25,86,165,lucas,17,17,1094.0,1094,1063,True,8.024964570999146
0,25,87,163,lucas,20,20,1077.0,1077,1101,True,7.635453462600708
0,25,88,165,lucas,18,18,1149.0,1149,1167,True,7.789158344268799
0,25,89,144,lucas,16,16,942.0,,946,False,8.100387573242188
0,25,90,157,lucas,17,17,1143.0,,1063,False,7.870624780654907
0,25,91,162,lucas,18,18,1124.0,,1138,False,7.369992256164551
0,25,92,152,lucas,18,18,1011.0,,965,False,7.493714809417725
0,25,93,156,lucas,18,18,1074.0,1074,1015,True,7.850667715072632
0,25,94,151,lucas,17,17,1026.0,,1008,False,7.801878213882446
0,25,95,142,lucas,16,16,905.0,,862,False,7.886807441711426
0,25,96,146,lucas,15,15,982.0,982,993,True,8.171254873275757
0,25,97,135,lucas,19,19,836.0,,872,False,7.578963279724121
0,25,98,144,lucas,18,18,991.0,,909,False,7.7851176261901855
0,25,99,132,lucas,17,17,838.0,,804,False,8.017873764038086
0,30,0,227,exact,3585,3585,56202.0,,1850,False,10.49561595916748
0,30,1,210,exact,3432,3432,33033.0,,1697,False,10.512588262557983
0,30,2,215,exact,3477,3477,37063.0,,1726,False,10.463708400726318
0,30,3,231,exact,3621,3621,45816.0,,1889,False,10.860910177230835
0,30,4,220,exact,3522,3522,40938.0,,1820,False,10.878450632095337
0,30,5,254,exact,3804,3804,40558.0,,2159,False,10.930803060531616
0,30,6,216,exact,3486,3486,40600.0,,1693,False,10.855397462844849
0,30,7,227,exact,3585,3585,41772.0,,1851,False,10.863195657730103
0,30,8,225,exact,3567,3567,48669.0,,1813,False,10.929023265838623
0,30,9,202,exact,3352,3352,28878.0,,1684,False,10.782200574874878
0,30,10,221,exact,3531,3531,48083.0,,1787,False,10.939155101776123
0,30,11,211,exact,3441,3441,36596.0,,1638,False,10.853292465209961
0,30,12,219,exact,3513,3513,40870.0,,1720,False,10.843982696533203
0,30,13,204,exact,3372,3372,45922.0,,1620,False,10.863414287567139
0,30,14,225,exact,3567,3567,45088.0,,1852,False,10.839743375778198
0,30,15,220,exact,3522,3522,44484.0,,1764,False,10.86230731010437
0,30,16,228,exact,3594,3594,45462.0,,1910,False,10.866071701049805
0,30,17,220,exact,3522,3522,33833.0,,1747,False,10.871363639831543
0,30,18,217,exact,3495,3495,40694.0,,1788,False,10.844873905181885
0,30,19,206,exact,3392,3392,39513.0,,1646,False,10.903149843215942
0,30,20,230,exact,3612,3612,34932.0,,1852,False,10.851165056228638
0,30,21,205,exact,3382,3382,46066.0,,1654,False,10.87878131866455
0,30,22,221,exact,3531,3531,41095.0,,1808,False,10.495702028274536
0,30,23,215,exact,3477,3477,40519.0,,1746,False,10.813270092010498
0,30,24,210,exact,3432,3432,36358.0,,1643,False,10.815865516662598
0,30,25,215,exact,3477,3477,43925.0,,1676,False,10.76477861404419
0,30,26,223,exact,3549,3549,41408.0,,1812,False,10.789822578430176
0,30,27,228,exact,3594,3594,45448.0,,1800,False,10.812641382217407
0,30,28,219,exact,3513,3513,40939.0,,1829,False,10.486740827560425
0,30,29,241,exact,3701,3701,50632.0,,2019,False,10.80122995376587
0,30,30,207,exact,3402,3402,32771.0,,1667,False,10.499828577041626
0,30,31,203,exact,3362,3362,32330.0,,1509,False,10.403435230255127
0,30,32,234,exact,3645,3645,38883.0,,1902,False,10.40149188041687
0,30,33,210,exact,3432,3432,43443.0,,1669,False,10.393134593963623
0,30,34,210,exact,3432,3432,43403.0,,1663,False,10.365248918533325
0,30,35,220,exact,3522,3522,48052.0,,1827,False,10.438533544540405
0,30,36,222,exact,3540,3540,48235.0,,1728,False,10.437548160552979
0,30,37,223,exact,3549,3549,48464.0,,1809,False,10.889820337295532
0,30,38,214,exact,3468,3468,47255.0,,1660,False,10.750314712524414
0,30,39,211,exact,3441,3441,36559.0,,1623,False,10.79503321647644
0,30,40,218,exact,3504,3504,40718.0,,1761,False,10.061278104782104
0,30,41,221,exact,3531,3531,48161.0,,1772,False,10.367412328720093
0,30,42,198,exact,3312,3312,38388.0,,1499,False,10.36901307106018
0,30,43,202,exact,3352,3352,32322.0,,1620,False,10.362337589263916
0,30,44,222,exact,3540,3540,44734.0,,1744,False,10.777565240859985
0,30,45,218,exact,3504,3504,40846.0,,1740,False,10.784786939620972
0,30,46,215,exact,3477,3477,33509.0,,1674,False,10.44991946220398
0,30,47,234,exact,3645,3645,35103.0,,1914,False,10.807942390441895
0,30,48,209,exact,3422,3422,32937.0,,1641,False,10.418379545211792
0,30,49,205,exact,3382,3382,39305.0,,1641,False,10.35985255241394
0,30,50,201,exact,3342,3342,38777.0,,1503,False,10.307539224624634
0,30,51,228,exact,3594,3594,49017.0,,1857,False,10.421466588973999
0,30,52,216,exact,3486,3486,40489.0,,1711,False,10.764985084533691
0,30,53,218,exact,3504,3504,40775.0,,1723,False,10.839879035949707
0,30,54,215,exact,3477,3477,33543.0,,1723,False,10.80850887298584
0,30,55,213,exact,3459,3459,33473.0,,1699,False,10.832124471664429
0,30,56,209,exact,3422,3422,39881.0,,1697,False,10.814798355102539
0,30,57,218,exact,3504,3504,47780.0,,1785,False,10.453195095062256
0,30,58,215,exact,3477,3477,33438.0,,1626,False,10.789395570755005
0,30,59,221,exact,3531,3531,48130.0,,1803,False,10.856834650039673
0,30,60,215,exact,3477,3477,40405.0,,1767,False,10.44055461883545
0,30,61,220,exact,3522,3522,23398.0,,1765,False,10.515212774276733
0,30,62,216,exact,3486,3486,36988.0,,1677,False,10.751063585281372
0,30,63,222,exact,3540,3540,48283.0,,1792,False,10.815377473831177
0,30,64,223,exact,3549,3549,48396.0,,1839,False,10.348355054855347
0,30,65,203,exact,3362,3362,35680.0,,1604,False,10.390806198120117
0,30,66,225,exact,3567,3567,48608.0,,1725,False,10.446917295455933
0,30,67,203,exact,3362,3362,28929.0,,1638,False,10.402483463287354
0,30,68,231,exact,3621,3621,45771.0,,1903,False,10.516810894012451
0,30,69,197,exact,3302,3302,31708.0,,1584,False,10.391001224517822
0,30,70,218,exact,3504,3504,40711.0,,1717,False,10.460802555084229
0,30,71,218,exact,3504,3504,26854.0,,1754,False,10.815307378768921
0,30,72,227,exact,3585,3585,24061.0,,1808,False,10.89584755897522
0,30,73,218,exact,3504,3504,40824.0,,1743,False,10.776782274246216
0,30,74,217,exact,3495,3495,33635.0,,1721,False,10.791301965713501
0,30,75,233,exact,3637,3637,53336.0,,1882,False,10.804293870925903
0,30,76,227,exact,3585,3585,34645.0,,1855,False,10.857237100601196
0,30,77,218,exact,3504,3504,40728.0,,1754,False,10.397063255310059
0,30,78,204,exact,3372,3372,35797.0,,1592,False,10.439831256866455
0,30,79,207,exact,3402,3402,49607.0,,1624,False,10.40160322189331
0,30,80,212,exact,3450,3450,47077.0,,1693,False,10.459015130996704
0,30,81,200,exact,3332,3332,38737.0,,1564,False,10.792656898498535
0,30,82,240,exact,3693,3693,28439.0,,2026,False,10.88545846939087
0,30,83,197,exact,3302,3302,35071.0,,1459,False,10.689036846160889
0,30,84,201,exact,3342,3342,38816.0,,1576,False,10.827083349227905
0,30,85,216,exact,3486,3486,37101.0,,1754,False,10.828567743301392
0,30,86,225,exact,3567,3567,45141.0,,1848,False,10.912605047225952
0,30,87,200,exact,3332,3332,32012.0,,1543,False,10.778951406478882
0,30,88,209,exact,3422,3422,36362.0,,1733,False,10.899660348892212
0,30,89,214,exact,3468,3468,30005.0,,1676,False,10.810141324996948
0,30,90,213,exact,3459,3459,36813.0,,1692,False,10.849455118179321
0,30,91,208,exact,3412,3412,43060.0,,1640,False,10.777174949645996
0,30,92,211,exact,3441,3441,36611.0,,1703,False,10.836414575576782
0,30,93,213,exact,3459,3459,33281.0,,1694,False,10.811233282089233
0,30,94,209,exact,3422,3422,46625.0,,1666,False,10.787315607070923
0,30,95,245,exact,3733,3733,43585.0,,2017,False,10.90856647491455
0,30,96,211,exact,3441,3441,33186.0,,1765,False,10.7938072681427
0,30,97,217,exact,3495,3495,44091.0,,1706,False,10.880992412567139
0,30,98,206,exact,3392,3392,36050.0,,1632,False,10.765958547592163
0,30,99,194,exact,3272,3272,31372.0,,1492,False,10.799964189529419
0,30,0,227,lucas,21,21,1948.0,,1850,False,12.516305446624756
0,30,1,210,lucas,20,20,1747.0,,1697,False,12.676194906234741
0,30,2,215,lucas,21,21,1809.0,,1726,False,12.668460130691528
0,30,3,231,lucas,23,23,1963.0,,1889,False,12.325636148452759
0,30,4,220,lucas,21,21,1861.0,,1820,False,12.783489465713501
0,30,5,254,lucas,24,24,2307.0,,2159,False,12.310532569885254
0,30,6,216,lucas,20,20,1701.0,,1693,False,12.75374174118042
0,30,7,227,lucas,21,21,1944.0,,1851,False,12.81277847290039
0,30,8,225,lucas,21,21,1821.0,,1813,False,12.56631875038147
0,30,9,202,lucas,19,19,1726.0,,1684,False,12.99678111076355
0,30,10,221,lucas,19,19,1805.0,,1787,False,13.040957927703857
0,30,11,211,lucas,23,23,1819.0,,1638,False,12.075485944747925
0,30,12,219,lucas,20,20,1751.0,,1720,False,12.384442567825317
0,30,13,204,lucas,18,18,1709.0,,1620,False,13.119153499603271
0,30,14,225,lucas,21,21,1958.0,,1852,False,12.669138193130493
0,30,15,220,lucas,22,22,1923.0,,1764,False,12.671194076538086
0,30,16,228,lucas,24,24,1931.0,,1910,False,12.059608936309814
0,30,17,220,lucas,22,22,1910.0,,1747,False,12.239827394485474
0,30,18,217,lucas,20,20,1795.0,,1788,False,12.317424297332764
0,30,19,206,lucas,21,21,1691.0,,1646,False,12.651896953582764
0,30,20,230,lucas,22,22,1967.0,,1852,False,12.214720249176025
0,30,21,205,lucas,21,21,1769.0,,1654,False,12.263705492019653
0,30,22,221,lucas,21,21,1782.0,,1808,False,12.712645530700684
0,30,23,215,lucas,19,19,1790.0,,1746,False,13.03461241722107
0,30,24,210,lucas,22,22,1742.0,,1643,False,12.547297716140747
0,30,25,215,lucas,22,22,1772.0,,1676,False,12.422004222869873
0,30,26,223,lucas,21,21,1905.0,,1812,False,12.162338256835938
0,30,27,228,lucas,21,21,1905.0,,1800,False,12.698824644088745
0,30,28,219,lucas,21,21,1777.0,1777,1829,True,12.67362666130066
0,30,29,241,lucas,21,21,2110.0,,2019,False,12.834506750106812
0,30,30,207,lucas,20,20,1637.0,1637,1667,True,12.950412511825562
0,30,31,203,lucas,20,20,1577.0,,1509,False,12.88759708404541
0,30,32,234,lucas,21,21,1929.0,,1902,False,12.72868299484253
0,30,33,210,lucas,22,22,1720.0,,1669,False,12.788808107376099
0,30,34,210,lucas,18,18,1704.0,,1663,False,13.076693534851074
0,30,35,220,lucas,20,20,1841.0,,1827,False,12.882171630859375
0,30,36,222,lucas,21,21,1836.0,,1728,False,12.480548620223999
0,30,37,223,lucas,21,21,1836.0,,1809,False,12.347393035888672
0,30,38,214,lucas,22,22,1756.0,,1660,False,12.027323007583618
0,30,39,211,lucas,21,21,1718.0,,1623,False,12.327035427093506
0,30,40,218,lucas,21,21,1787.0,,1761,False,12.662735223770142
0,30,41,221,lucas,21,21,1765.0,1765,1772,True,12.540693759918213
0,30,42,198,lucas,18,18,1590.0,,1499,False,13.055075645446777
0,30,43,202,lucas,20,20,1655.0,,1620,False,12.771801710128784
0,30,44,222,lucas,22,22,1889.0,,1744,False,12.449841499328613
0,30,45,218,lucas,22,22,1821.0,,1740,False,12.725640535354614
0,30,46,215,lucas,20,20,1766.0,,1674,False,12.918737888336182
0,30,47,234,lucas,21,21,2010.0,,1914,False,12.752698183059692
0,30,48,209,lucas,18,18,1705.0,,1641,False,13.15318250656128
0,30,49,205,lucas,24,24,1795.0,,1641,False,12.17876935005188
0,30,50,201,lucas,19,19,1603.0,,1503,False,12.972177267074585
0,30,51,228,lucas,23,23,1870.0,,1857,False,12.513592720031738
0,30,52,216,lucas,23,23,1811.0,,1711,False,12.401580810546875
0,30,53,218,lucas,21,21,1866.0,,1723,False,12.599651098251343
0,30,54,215,lucas,20,20,1801.0,,1723,False,12.746314525604248
0,30,55,213,lucas,21,21,1748.0,,1699,False,12.773590803146362
0,30,56,209,lucas,19,19,1703.0,,1697,False,13.030517816543579
0,30,57,218,lucas,20,20,1763.0,,1785,False,12.722593069076538
0,30,58,215,lucas,20,20,1712.0,,1626,False,12.554949283599854
0,30,59,221,lucas,21,21,1870.0,,1803,False,12.845550537109375
0,30,60,215,lucas,22,22,1843.0,,1767,False,12.60390043258667
0,30,61,220,lucas,19,19,1787.0,,1765,False,13.128928661346436
0,30,62,216,lucas,22,22,1845.0,,1677,False,12.536993503570557
0,30,63,222,lucas,22,22,1873.0,,1792,False,11.886656522750854
0,30,64,223,lucas,20,20,1874.0,,1839,False,12.774411916732788
0,30,65,203,lucas,20,20,1699.0,,1604,False,12.888574361801147
0,30,66,225,lucas,22,22,1800.0,,1725,False,12.152631044387817
0,30,67,203,lucas,20,20,1723.0,,1638,False,12.51615571975708
0,30,68,231,lucas,20,20,1973.0,,1903,False,12.520394802093506
0,30,69,197,lucas,19,19,1610.0,,1584,False,13.011582851409912
0,30,70,218,lucas,20,20,1731.0,,1717,False,12.452255249023438
0,30,71,218,lucas,20,20,1840.0,,1754,False,12.943727254867554
0,30,72,227,lucas,22,22,1881.0,,1808,False,12.531182527542114
0,30,73,218,lucas,20,20,1773.0,,1743,False,12.734506607055664
0,30,74,217,lucas,23,23,1836.0,,1721,False,12.47183871269226
0,30,75,233,lucas,21,21,1995.0,,1882,False,12.370833396911621
0,30,76,227,lucas,20,20,1847.0,,1855,False,12.612189531326294
0,30,77,218,lucas,19,19,1817.0,1817,1754,True,12.737007856369019
0,30,78,204,lucas,22,22,1721.0,,1592,False,12.129898309707642
0,30,79,207,lucas,22,22,1720.0,,1624,False,12.315655946731567
0,30,80,212,lucas,20,20,1787.0,,1693,False,12.21444582939148
0,30,81,200,lucas,21,21,1625.0,,1564,False,12.491258382797241
0,30,82,240,lucas,23,23,2154.0,,2026,False,12.382280349731445
0,30,83,197,lucas,19,19,1513.0,,1459,False,12.933542728424072
0,30,84,201,lucas,19,19,1627.0,,1576,False,12.71942138671875
0,30,85,216,lucas,20,20,1788.0,,1754,False,12.53416919708252
0,30,86,225,lucas,21,21,1823.0,,1848,False,12.396485090255737
0,30,87,200,lucas,19,19,1584.0,,1543,False,12.637865543365479
0,30,88,209,lucas,20,20,1732.0,,1733,False,12.547857284545898
0,30,89,214,lucas,22,22,1800.0,,1676,False,12.645410537719727
0,30,90,213,lucas,19,19,1682.0,1682,1692,True,12.889602661132812
0,30,91,208,lucas,20,20,1685.0,,1640,False,12.926584243774414
0,30,92,211,lucas,19,19,1766.0,,1703,False,12.903772354125977
0,30,93,213,lucas,19,19,1774.0,,1694,False,13.14625358581543
0,30,94,209,lucas,19,19,1709.0,,1666,False,12.922258853912354
0,30,95,245,lucas,21,21,2127.0,,2017,False,12.883853912353516
0,30,96,211,lucas,19,19,1752.0,,1765,False,12.828195095062256
0,30,97,217,lucas,22,22,1787.0,,1706,False,12.693782806396484
0,30,98,206,lucas,22,22,1702.0,,1632,False,12.855600833892822
0,30,99,194,lucas,20,20,1555.0,,1492,False,12.499367952346802
