solver_name,num_vertices,graph_id,num_edges,penalty_mode,mu_thermometer,mu_bijective,energy,minla_cost,best_known_cost,is_feasible,solve_time
OpenJij,5,0,5,exact,16,16,6.0,6,6,True,0.7193009853363037
OpenJij,5,1,5,exact,16,16,7.0,7,6,True,0.7165830135345459
OpenJij,5,2,4,exact,14,14,4.0,4,4,True,0.7385401725769043
OpenJij,5,3,5,exact,16,16,6.0,6,6,True,0.7137701511383057
OpenJij,5,4,7,exact,19,19,12.0,12,10,True,0.7137768268585205
OpenJij,5,5,7,exact,19,19,11.0,11,10,True,0.7556169033050537
OpenJij,5,6,5,exact,16,16,7.0,7,7,True,0.74680495262146
OpenJij,5,7,8,exact,20,20,16.0,16,14,True,0.7298097610473633
OpenJij,5,8,4,exact,14,14,7.0,7,5,True,0.7425200939178467
OpenJij,5,9,6,exact,18,18,11.0,11,10,True,0.7017521858215332
OpenJij,5,10,6,exact,18,18,10.0,10,10,True,0.76953125
OpenJij,5,11,6,exact,18,18,11.0,11,9,True,0.7383801937103271
OpenJij,5,12,6,exact,18,18,10.0,10,9,True,0.777580976486206
OpenJij,5,13,5,exact,16,16,13.0,13,7,True,0.7591629028320312
OpenJij,5,14,6,exact,18,18,11.0,11,8,True,0.7377088069915771
OpenJij,5,15,7,exact,19,19,13.0,13,12,True,0.715378999710083
OpenJij,5,16,5,exact,16,16,7.0,7,8,True,0.712364912033081
OpenJij,5,17,5,exact,16,16,7.0,7,7,True,0.7065558433532715
OpenJij,5,18,5,exact,16,16,6.0,6,6,True,0.740941047668457
OpenJij,5,19,7,exact,19,19,12.0,12,12,True,0.7771778106689453
OpenJij,5,20,4,exact,14,14,6.0,6,4,True,0.7194931507110596
OpenJij,5,21,6,exact,18,18,9.0,9,8,True,0.7157330513000488
OpenJij,5,22,5,exact,16,16,10.0,10,8,True,0.7108540534973145
OpenJij,5,23,7,exact,19,19,12.0,12,12,True,0.7126631736755371
OpenJij,5,24,5,exact,16,16,8.0,8,6,True,0.7108418941497803
OpenJij,5,25,6,exact,18,18,12.0,12,8,True,0.712723970413208
OpenJij,5,26,5,exact,16,16,7.0,7,8,True,0.7096021175384521
OpenJij,5,27,7,exact,19,19,11.0,11,10,True,0.7058150768280029
OpenJij,5,28,6,exact,18,18,11.0,11,9,True,0.7034399509429932
OpenJij,5,29,6,exact,18,18,9.0,9,9,True,0.7246761322021484
OpenJij,5,30,5,exact,16,16,7.0,7,6,True,0.7338800430297852
OpenJij,5,31,5,exact,16,16,8.0,8,7,True,0.7809300422668457
OpenJij,5,32,5,exact,16,16,9.0,9,7,True,0.7368159294128418
OpenJij,5,33,5,exact,16,16,8.0,8,6,True,0.712630033493042
OpenJij,5,34,7,exact,19,19,14.0,14,11,True,0.7118699550628662
OpenJij,5,35,8,exact,20,20,14.0,14,13,True,0.7189350128173828
OpenJij,5,36,6,exact,18,18,9.0,9,9,True,0.7134208679199219
OpenJij,5,37,6,exact,18,18,10.0,10,9,True,0.7132132053375244
OpenJij,5,38,4,exact,14,14,4.0,4,4,True,0.7075650691986084
OpenJij,5,39,8,exact,20,20,14.0,14,13,True,0.7356832027435303
OpenJij,5,40,7,exact,19,19,12.0,12,10,True,0.7836949825286865
OpenJij,5,41,5,exact,16,16,9.0,9,6,True,0.7213311195373535
OpenJij,5,42,6,exact,18,18,11.0,11,10,True,0.7180352210998535
OpenJij,5,43,5,exact,16,16,6.0,6,6,True,0.7118179798126221
OpenJij,5,44,5,exact,16,16,8.0,8,7,True,0.7145516872406006
OpenJij,5,45,5,exact,16,16,9.0,9,7,True,0.7108500003814697
OpenJij,5,46,6,exact,18,18,9.0,9,8,True,0.7103002071380615
OpenJij,5,47,8,exact,20,20,18.0,18,14,True,0.7138690948486328
OpenJij,5,48,6,exact,18,18,9.0,9,9,True,0.7240638732910156
OpenJij,5,49,6,exact,18,18,12.0,12,8,True,0.7616519927978516
OpenJij,5,0,5,lucas,4,4,8.0,8,6,True,0.7156763076782227
OpenJij,5,1,5,lucas,4,4,6.0,6,6,True,0.7132120132446289
OpenJij,5,2,4,lucas,3,3,4.0,4,4,True,0.713731050491333
OpenJij,5,3,5,lucas,4,4,6.0,6,6,True,0.7136340141296387
OpenJij,5,4,7,lucas,5,5,10.0,10,10,True,0.7129900455474854
OpenJij,5,5,7,lucas,5,5,11.0,11,10,True,0.7128078937530518
OpenJij,5,6,5,lucas,5,5,7.0,7,7,True,0.7172341346740723
OpenJij,5,7,8,lucas,5,5,14.0,14,14,True,0.7136149406433105
OpenJij,5,8,4,lucas,4,4,5.0,5,5,True,0.7094089984893799
OpenJij,5,9,6,lucas,4,4,10.0,10,10,True,0.7178239822387695
OpenJij,5,10,6,lucas,4,4,10.0,10,10,True,0.7147519588470459
OpenJij,5,11,6,lucas,4,4,9.0,9,9,True,0.7129287719726562
OpenJij,5,12,6,lucas,5,5,9.0,9,9,True,0.7168941497802734
OpenJij,5,13,5,lucas,4,4,7.0,7,7,True,0.7137308120727539
OpenJij,5,14,6,lucas,4,4,8.0,8,8,True,0.7129848003387451
OpenJij,5,15,7,lucas,4,4,12.0,12,12,True,0.7163949012756348
OpenJij,5,16,5,lucas,5,5,7.0,7,8,True,0.7122213840484619
OpenJij,5,17,5,lucas,4,4,7.0,7,7,True,0.7143459320068359
OpenJij,5,18,5,lucas,4,4,6.0,6,6,True,0.7118511199951172
OpenJij,5,19,7,lucas,4,4,12.0,12,12,True,0.7139420509338379
OpenJij,5,20,4,lucas,3,3,4.0,4,4,True,0.7114319801330566
OpenJij,5,21,6,lucas,4,4,8.0,8,8,True,0.7132883071899414
OpenJij,5,22,5,lucas,3,3,8.0,8,8,True,0.712338924407959
OpenJij,5,23,7,lucas,4,4,12.0,12,12,True,0.7134637832641602
OpenJij,5,24,5,lucas,4,4,6.0,6,6,True,0.7132358551025391
OpenJij,5,25,6,lucas,4,4,8.0,8,8,True,0.7119739055633545
OpenJij,5,26,5,lucas,5,5,7.0,7,8,True,0.7119700908660889
OpenJij,5,27,7,lucas,5,5,11.0,11,10,True,0.7144138813018799
OpenJij,5,28,6,lucas,5,5,9.0,9,9,True,0.7411189079284668
OpenJij,5,29,6,lucas,5,5,9.0,9,9,True,0.745293140411377
OpenJij,5,30,5,lucas,4,4,6.0,6,6,True,0.7142858505249023
OpenJij,5,31,5,lucas,4,4,7.0,7,7,True,0.7133820056915283
OpenJij,5,32,5,lucas,4,4,7.0,7,7,True,0.714087963104248
OpenJij,5,33,5,lucas,4,4,6.0,6,6,True,0.7135508060455322
OpenJij,5,34,7,lucas,5,5,11.0,11,11,True,0.7137601375579834
OpenJij,5,35,8,lucas,5,5,13.0,13,13,True,0.7164220809936523
OpenJij,5,36,6,lucas,4,4,9.0,9,9,True,0.7130589485168457
OpenJij,5,37,6,lucas,4,4,9.0,9,9,True,0.7126650810241699
OpenJij,5,38,4,lucas,3,3,4.0,4,4,True,0.71651291847229
OpenJij,5,39,8,lucas,5,5,13.0,13,13,True,0.7116670608520508
OpenJij,5,40,7,lucas,5,5,10.0,10,10,True,0.7134969234466553
OpenJij,5,41,5,lucas,4,4,6.0,6,6,True,0.7182788848876953
OpenJij,5,42,6,lucas,4,4,10.0,10,10,True,0.7119143009185791
OpenJij,5,43,5,lucas,4,4,6.0,6,6,True,0.7120981216430664
OpenJij,5,44,5,lucas,5,5,7.0,7,7,True,0.712486982345581
OpenJij,5,45,5,lucas,5,5,7.0,7,7,True,0.7054116725921631
OpenJij,5,46,6,lucas,4,4,8.0,8,8,True,0.711277961730957
OpenJij,5,47,8,lucas,5,5,14.0,14,14,True,0.7131659984588623
OpenJij,5,48,6,lucas,4,4,9.0,9,9,True,0.7510180473327637
OpenJij,5,49,6,lucas,5,5,8.0,8,8,True,0.7538468837738037
OpenJij,8,0,16,exact,69,69,179.0,,34,False,0.7159321308135986
OpenJij,8,1,18,exact,73,73,127.0,,40,False,0.7277319431304932
OpenJij,8,2,12,exact,58,58,150.0,,21,False,0.7262940406799316
OpenJij,8,3,17,exact,71,71,328.0,,37,False,0.7315702438354492
OpenJij,8,4,15,exact,67,67,37.0,37,33,True,0.7381088733673096
OpenJij,8,5,15,exact,67,67,105.0,,31,False,0.750352144241333
OpenJij,8,6,14,exact,64,64,174.0,,29,False,0.7528629302978516
OpenJij,8,7,12,exact,58,58,199.0,,20,False,0.7247581481933594
OpenJij,8,8,12,exact,58,58,82.0,,25,False,0.7263920307159424
OpenJij,8,9,16,exact,69,69,180.0,,35,False,0.7414419651031494
OpenJij,8,10,15,exact,67,67,241.0,,30,False,0.7345259189605713
OpenJij,8,11,16,exact,69,69,121.0,,37,False,0.7190911769866943
OpenJij,8,12,13,exact,61,61,213.0,,26,False,0.7331569194793701
OpenJij,8,13,16,exact,69,69,126.0,,37,False,0.7269048690795898
OpenJij,8,14,18,exact,73,73,196.0,,42,False,0.7276358604431152
OpenJij,8,15,12,exact,58,58,94.0,,24,False,0.7266602516174316
OpenJij,8,16,14,exact,64,64,99.0,,27,False,0.7265820503234863
OpenJij,8,17,14,exact,64,64,284.0,,28,False,0.7247891426086426
OpenJij,8,18,9,exact,48,48,159.0,,14,False,0.7233762741088867
OpenJij,8,19,21,exact,79,79,216.0,,48,False,0.7290377616882324
OpenJij,8,20,13,exact,61,61,88.0,,26,False,0.7278552055358887
OpenJij,8,21,14,exact,64,64,160.0,,31,False,0.7264618873596191
OpenJij,8,22,19,exact,75,75,51.0,51,45,True,0.7267551422119141
OpenJij,8,23,13,exact,61,61,211.0,,30,False,0.7277328968048096
OpenJij,8,24,13,exact,61,61,216.0,,25,False,0.7255380153656006
OpenJij,8,25,16,exact,69,69,310.0,,34,False,0.7284438610076904
OpenJij,8,26,17,exact,71,71,185.0,,41,False,0.7306780815124512
OpenJij,8,27,13,exact,61,61,160.0,,24,False,0.7266480922698975
OpenJij,8,28,14,exact,64,64,40.0,40,29,True,0.7256829738616943
OpenJij,8,29,12,exact,58,58,31.0,31,21,True,0.7277212142944336
OpenJij,8,30,16,exact,69,69,375.0,,38,False,0.7267148494720459
OpenJij,8,31,13,exact,61,61,94.0,,24,False,0.7252051830291748
OpenJij,8,32,17,exact,71,71,183.0,,39,False,0.7348039150238037
OpenJij,8,33,14,exact,64,64,107.0,,26,False,0.7277350425720215
OpenJij,8,34,12,exact,58,58,44.0,44,23,True,0.7257349491119385
OpenJij,8,35,11,exact,55,55,136.0,,19,False,0.7291467189788818
OpenJij,8,36,12,exact,58,58,90.0,,20,False,0.7288801670074463
OpenJij,8,37,13,exact,61,61,334.0,,25,False,0.7240378856658936
OpenJij,8,38,16,exact,69,69,109.0,,35,False,0.7301907539367676
OpenJij,8,39,16,exact,69,69,241.0,,35,False,0.7312910556793213
OpenJij,8,40,18,exact,73,73,196.0,,42,False,0.728679895401001
OpenJij,8,41,15,exact,67,67,170.0,,32,False,0.7340710163116455
OpenJij,8,42,14,exact,64,64,231.0,,29,False,0.7238860130310059
OpenJij,8,43,12,exact,58,58,152.0,,20,False,0.7284140586853027
OpenJij,8,44,14,exact,64,64,106.0,,27,False,0.7333581447601318
OpenJij,8,45,17,exact,71,71,118.0,,38,False,0.727313756942749
OpenJij,8,46,13,exact,61,61,145.0,,24,False,0.7299573421478271
OpenJij,8,47,16,exact,69,69,241.0,,33,False,0.7280960083007812
OpenJij,8,48,10,exact,52,52,132.0,,16,False,0.7235300540924072
OpenJij,8,49,15,exact,67,67,172.0,,30,False,0.7267060279846191
OpenJij,8,0,16,lucas,7,7,37.0,,34,False,0.7325179576873779
OpenJij,8,1,18,lucas,7,7,41.0,41,40,True,0.7308671474456787
OpenJij,8,2,12,lucas,6,6,20.0,20,21,True,0.731604814529419
OpenJij,8,3,17,lucas,7,7,37.0,37,37,True,0.7278718948364258
OpenJij,8,4,15,lucas,7,7,31.0,31,33,True,0.7309548854827881
OpenJij,8,5,15,lucas,7,7,31.0,31,31,True,0.7328300476074219
OpenJij,8,6,14,lucas,7,7,27.0,27,29,True,0.7289407253265381
OpenJij,8,7,12,lucas,7,7,21.0,21,20,True,0.7307949066162109
OpenJij,8,8,12,lucas,7,7,24.0,24,25,True,0.7314369678497314
OpenJij,8,9,16,lucas,6,6,35.0,35,35,True,0.7319860458374023
OpenJij,8,10,15,lucas,6,6,31.0,31,30,True,0.731259822845459
OpenJij,8,11,16,lucas,7,7,29.0,29,37,True,0.7348799705505371
OpenJij,8,12,13,lucas,5,5,26.0,26,26,True,0.7315480709075928
OpenJij,8,13,16,lucas,6,6,40.0,40,37,True,0.7302141189575195
OpenJij,8,14,18,lucas,7,7,43.0,43,42,True,0.7320680618286133
OpenJij,8,15,12,lucas,6,6,23.0,23,24,True,0.7271707057952881
OpenJij,8,16,14,lucas,6,6,27.0,27,27,True,0.7277259826660156
OpenJij,8,17,14,lucas,5,5,28.0,28,28,True,0.7338712215423584
OpenJij,8,18,9,lucas,6,6,14.0,14,14,True,0.7290050983428955
OpenJij,8,19,21,lucas,8,8,48.0,48,48,True,0.7278721332550049
OpenJij,8,20,13,lucas,7,7,24.0,24,26,True,0.7992620468139648
OpenJij,8,21,14,lucas,7,7,29.0,29,31,True,0.7314376831054688
OpenJij,8,22,19,lucas,7,7,45.0,45,45,True,0.731532096862793
OpenJij,8,23,13,lucas,5,5,24.0,24,30,True,0.7358529567718506
OpenJij,8,24,13,lucas,6,6,26.0,26,25,True,0.7360861301422119
OpenJij,8,25,16,lucas,6,6,34.0,34,34,True,0.7321741580963135
OpenJij,8,26,17,lucas,7,7,39.0,39,41,True,0.7278900146484375
OpenJij,8,27,13,lucas,7,7,27.0,27,24,True,0.7279517650604248
OpenJij,8,28,14,lucas,7,7,30.0,30,29,True,0.7326920032501221
OpenJij,8,29,12,lucas,6,6,21.0,21,21,True,0.7318902015686035
OpenJij,8,30,16,lucas,7,7,31.0,31,38,True,0.733029842376709
OpenJij,8,31,13,lucas,5,5,25.0,25,24,True,0.7251560688018799
OpenJij,8,32,17,lucas,6,6,41.0,41,39,True,0.7300248146057129
OpenJij,8,33,14,lucas,6,6,26.0,26,26,True,0.7302570343017578
OpenJij,8,34,12,lucas,5,5,22.0,22,23,True,0.7332618236541748
OpenJij,8,35,11,lucas,6,6,20.0,20,19,True,0.728801965713501
OpenJij,8,36,12,lucas,5,5,20.0,20,20,True,0.7290740013122559
OpenJij,8,37,13,lucas,6,6,25.0,25,25,True,0.7363200187683105
OpenJij,8,38,16,lucas,7,7,32.0,32,35,True,0.7289197444915771
OpenJij,8,39,16,lucas,6,6,36.0,36,35,True,0.7301919460296631
OpenJij,8,40,18,lucas,7,7,42.0,42,42,True,0.7295138835906982
OpenJij,8,41,15,lucas,6,6,32.0,32,32,True,0.7274439334869385
OpenJij,8,42,14,lucas,6,6,30.0,30,29,True,0.7275938987731934
OpenJij,8,43,12,lucas,5,5,20.0,20,20,True,0.7300312519073486
OpenJij,8,44,14,lucas,7,7,28.0,28,27,True,0.7243139743804932
OpenJij,8,45,17,lucas,7,7,38.0,38,38,True,0.7248520851135254
OpenJij,8,46,13,lucas,6,6,24.0,24,24,True,0.7408981323242188
OpenJij,8,47,16,lucas,7,7,33.0,33,33,True,0.7285311222076416
OpenJij,8,48,10,lucas,5,5,18.0,18,16,True,0.7284159660339355
OpenJij,8,49,15,lucas,7,7,30.0,30,30,True,0.7368159294128418
OpenJij,11,0,25,exact,158,158,1029.0,,64,False,0.7499089241027832
OpenJij,11,1,31,exact,179,179,1176.0,,87,False,0.7575271129608154
OpenJij,11,2,26,exact,162,162,410.0,,73,False,0.755669116973877
OpenJij,11,3,30,exact,176,176,1502.0,,83,False,0.7551450729370117
OpenJij,11,4,29,exact,173,173,1129.0,,82,False,0.7541007995605469
OpenJij,11,5,33,exact,185,185,854.0,,97,False,0.7512869834899902
OpenJij,11,6,31,exact,179,179,1179.0,,87,False,0.7516522407531738
OpenJij,11,7,24,exact,154,154,1614.0,,59,False,0.7597570419311523
OpenJij,11,8,26,exact,162,162,909.0,,74,False,0.755047082901001
OpenJij,11,9,29,exact,173,173,805.0,,78,False,0.7532258033752441
OpenJij,11,10,27,exact,166,166,1572.0,,64,False,0.7561249732971191
OpenJij,11,11,27,exact,166,166,2076.0,,69,False,0.7540128231048584
OpenJij,11,12,24,exact,154,154,695.0,,55,False,0.754432201385498
OpenJij,11,13,29,exact,173,173,1464.0,,85,False,0.7587428092956543
OpenJij,11,14,22,exact,146,146,530.0,,59,False,0.7588386535644531
OpenJij,11,15,27,exact,166,166,1243.0,,71,False,0.753242015838623
OpenJij,11,16,24,exact,154,154,855.0,,61,False,0.7581250667572021
OpenJij,11,17,31,exact,179,179,639.0,,93,False,0.7521159648895264
OpenJij,11,18,29,exact,173,173,613.0,,69,False,0.7578229904174805
OpenJij,11,19,32,exact,182,182,834.0,,97,False,0.7561347484588623
OpenJij,11,20,24,exact,154,154,702.0,,62,False,0.7552070617675781
OpenJij,11,21,27,exact,166,166,1422.0,,83,False,0.7611708641052246
OpenJij,11,22,24,exact,154,154,999.0,,55,False,0.7494189739227295
OpenJij,11,23,31,exact,179,179,1357.0,,93,False,0.7518272399902344
OpenJij,11,24,31,exact,179,179,660.0,,95,False,0.7532329559326172
OpenJij,11,25,28,exact,170,170,607.0,,78,False,0.7657089233398438
OpenJij,11,26,22,exact,146,146,787.0,,57,False,0.7502291202545166
OpenJij,11,27,26,exact,162,162,734.0,,68,False,0.7554538249969482
OpenJij,11,28,27,exact,166,166,748.0,,70,False,0.755828857421875
OpenJij,11,29,29,exact,173,173,958.0,,84,False,0.7557241916656494
OpenJij,11,30,25,exact,158,158,1673.0,,66,False,0.7540848255157471
OpenJij,11,31,28,exact,170,170,961.0,,83,False,0.754601001739502
OpenJij,11,32,26,exact,162,162,1226.0,,69,False,0.7546119689941406
OpenJij,11,33,31,exact,179,179,1530.0,,99,False,0.7491800785064697
OpenJij,11,34,28,exact,170,170,1300.0,,74,False,0.757260799407959
OpenJij,11,35,34,exact,188,188,1253.0,,107,False,0.757634162902832
OpenJij,11,36,25,exact,158,158,1015.0,,67,False,0.7537031173706055
OpenJij,11,37,27,exact,166,166,1908.0,,74,False,0.7539939880371094
OpenJij,11,38,25,exact,158,158,878.0,,64,False,0.7568750381469727
OpenJij,11,39,28,exact,170,170,771.0,,79,False,0.7550759315490723
OpenJij,11,40,31,exact,179,179,1509.0,,88,False,0.7583811283111572
OpenJij,11,41,24,exact,154,154,1621.0,,60,False,0.7581100463867188
OpenJij,11,42,27,exact,166,166,1751.0,,71,False,0.7537872791290283
OpenJij,11,43,32,exact,182,182,1199.0,,94,False,0.755068302154541
OpenJij,11,44,23,exact,150,150,987.0,,53,False,0.7965598106384277
OpenJij,11,45,27,exact,166,166,933.0,,69,False,0.7529997825622559
OpenJij,11,46,26,exact,162,162,901.0,,67,False,0.7585921287536621
OpenJij,11,47,24,exact,154,154,694.0,,63,False,0.7588260173797607
OpenJij,11,48,27,exact,166,166,582.0,,78,False,0.7552828788757324
OpenJij,11,49,19,exact,132,132,350.0,,47,False,0.757958173751831
OpenJij,11,0,25,lucas,8,8,64.0,64,64,True,0.7689418792724609
OpenJij,11,1,31,lucas,10,10,90.0,90,87,True,0.7713568210601807
OpenJij,11,2,26,lucas,9,9,74.0,,73,False,0.7672629356384277
OpenJij,11,3,30,lucas,9,9,83.0,83,83,True,0.7688713073730469
OpenJij,11,4,29,lucas,8,8,79.0,79,82,True,0.7709870338439941
OpenJij,11,5,33,lucas,9,9,98.0,98,97,True,0.7668862342834473
OpenJij,11,6,31,lucas,9,9,88.0,88,87,True,0.7679917812347412
OpenJij,11,7,24,lucas,7,7,66.0,66,59,True,0.7653148174285889
OpenJij,11,8,26,lucas,7,7,74.0,74,74,True,0.7687270641326904
OpenJij,11,9,29,lucas,8,8,79.0,79,78,True,0.7694950103759766
OpenJij,11,10,27,lucas,9,9,64.0,64,64,True,0.7674758434295654
OpenJij,11,11,27,lucas,8,8,70.0,70,69,True,0.7650868892669678
OpenJij,11,12,24,lucas,7,7,55.0,55,55,True,0.7665541172027588
OpenJij,11,13,29,lucas,8,8,86.0,86,85,True,0.7649369239807129
OpenJij,11,14,22,lucas,6,6,59.0,59,59,True,0.7678821086883545
OpenJij,11,15,27,lucas,8,8,71.0,71,71,True,0.7686729431152344
OpenJij,11,16,24,lucas,7,7,62.0,62,61,True,0.771399974822998
OpenJij,11,17,31,lucas,9,9,88.0,88,93,True,0.7679829597473145
OpenJij,11,18,29,lucas,10,10,94.0,94,69,True,0.7675290107727051
OpenJij,11,19,32,lucas,9,9,95.0,95,97,True,0.7680690288543701
OpenJij,11,20,24,lucas,7,7,64.0,64,62,True,0.7678179740905762
OpenJij,11,21,27,lucas,8,8,74.0,74,83,True,0.7675278186798096
OpenJij,11,22,24,lucas,8,8,56.0,56,55,True,0.7654199600219727
OpenJij,11,23,31,lucas,8,8,94.0,94,93,True,0.7613058090209961
OpenJij,11,24,31,lucas,8,8,94.0,94,95,True,0.7700109481811523
OpenJij,11,25,28,lucas,9,9,80.0,,78,False,0.7671859264373779
OpenJij,11,26,22,lucas,6,6,59.0,,57,False,0.7699549198150635
OpenJij,11,27,26,lucas,8,8,69.0,69,68,True,0.7640750408172607
OpenJij,11,28,27,lucas,8,8,73.0,73,70,True,0.7619798183441162
OpenJij,11,29,29,lucas,9,9,84.0,84,84,True,0.769946813583374
OpenJij,11,30,25,lucas,8,8,59.0,59,66,True,0.772730827331543
OpenJij,11,31,28,lucas,8,8,83.0,83,83,True,0.7703711986541748
OpenJij,11,32,26,lucas,8,8,69.0,69,69,True,0.766261100769043
OpenJij,11,33,31,lucas,10,10,86.0,86,99,True,0.7690198421478271
OpenJij,11,34,28,lucas,9,9,75.0,75,74,True,0.7695150375366211
OpenJij,11,35,34,lucas,9,9,112.0,112,107,True,0.7721350193023682
OpenJij,11,36,25,lucas,9,9,74.0,,67,False,0.7709498405456543
OpenJij,11,37,27,lucas,8,8,78.0,,74,False,0.7677671909332275
OpenJij,11,38,25,lucas,8,8,65.0,65,64,True,0.7689840793609619
OpenJij,11,39,28,lucas,8,8,80.0,80,79,True,0.7690050601959229
OpenJij,11,40,31,lucas,9,9,87.0,87,88,True,0.769244909286499
OpenJij,11,41,24,lucas,7,7,59.0,59,60,True,0.7679417133331299
OpenJij,11,42,27,lucas,8,8,77.0,77,71,True,0.7672920227050781
OpenJij,11,43,32,lucas,8,8,93.0,93,94,True,0.777076244354248
OpenJij,11,44,23,lucas,7,7,53.0,53,53,True,0.7702693939208984
OpenJij,11,45,27,lucas,8,8,69.0,69,69,True,0.7690439224243164
OpenJij,11,46,26,lucas,9,9,67.0,67,67,True,0.7699258327484131
OpenJij,11,47,24,lucas,8,8,62.0,62,63,True,0.766319990158081
OpenJij,11,48,27,lucas,8,8,75.0,75,78,True,0.7705037593841553
OpenJij,11,49,19,lucas,7,7,45.0,45,47,True,0.7715137004852295
OpenJij,13,0,34,exact,256,256,1445.0,,107,False,0.7820239067077637
OpenJij,13,1,46,exact,305,305,3840.0,,163,False,0.7892880439758301
OpenJij,13,2,38,exact,274,274,992.0,,125,False,0.7861101627349854
OpenJij,13,3,35,exact,261,261,2992.0,,120,False,0.7847223281860352
OpenJij,13,4,42,exact,290,290,2221.0,,127,False,0.789801836013794
OpenJij,13,5,46,exact,305,305,2601.0,,156,False,0.7892439365386963
OpenJij,13,6,39,exact,278,278,1835.0,,124,False,0.7896862030029297
OpenJij,13,7,43,exact,294,294,3423.0,,155,False,0.7918436527252197
OpenJij,13,8,37,exact,270,270,1520.0,,110,False,0.7833821773529053
OpenJij,13,9,44,exact,298,298,794.0,,158,False,0.787158727645874
OpenJij,13,10,39,exact,278,278,2937.0,,116,False,0.7909760475158691
OpenJij,13,11,36,exact,266,266,3588.0,,111,False,0.774355411529541
OpenJij,13,12,42,exact,290,290,2198.0,,146,False,0.7930660247802734
OpenJij,13,13,33,exact,251,251,1880.0,,88,False,0.7830572128295898
OpenJij,13,14,29,exact,231,231,1735.0,,85,False,0.7810633182525635
OpenJij,13,15,46,exact,305,305,5351.0,,161,False,0.7911949157714844
OpenJij,13,16,36,exact,266,266,1240.0,,121,False,0.7841479778289795
OpenJij,13,17,37,exact,270,270,2288.0,,108,False,0.7858350276947021
OpenJij,13,18,33,exact,251,251,4126.0,,100,False,0.7869298458099365
OpenJij,13,19,34,exact,256,256,2962.0,,99,False,0.7814421653747559
OpenJij,13,20,41,exact,286,286,2180.0,,143,False,0.7880449295043945
OpenJij,13,21,42,exact,290,290,3341.0,,136,False,0.8023197650909424
OpenJij,13,22,37,exact,270,270,2833.0,,107,False,0.7870190143585205
OpenJij,13,23,45,exact,302,302,2324.0,,145,False,0.7925472259521484
OpenJij,13,24,37,exact,270,270,1233.0,,113,False,0.7860720157623291
OpenJij,13,25,34,exact,256,256,2441.0,,97,False,0.7864980697631836
OpenJij,13,26,36,exact,266,266,1739.0,,122,False,0.7867860794067383
OpenJij,13,27,45,exact,302,302,4386.0,,150,False,0.7881608009338379
OpenJij,13,28,37,exact,270,270,2589.0,,124,False,0.7846720218658447
OpenJij,13,29,36,exact,266,266,2273.0,,119,False,0.7853460311889648
OpenJij,13,30,31,exact,241,241,4196.0,,97,False,0.780109167098999
OpenJij,13,31,39,exact,278,278,2385.0,,124,False,0.7907247543334961
OpenJij,13,32,38,exact,274,274,2366.0,,126,False,0.7844882011413574
OpenJij,13,33,44,exact,298,298,1364.0,,157,False,0.7880580425262451
OpenJij,13,34,49,exact,314,314,3964.0,,183,False,0.787581205368042
OpenJij,13,35,36,exact,266,266,2011.0,,109,False,0.8187849521636963
OpenJij,13,36,43,exact,294,294,1664.0,,150,False,0.7879159450531006
OpenJij,13,37,39,exact,278,278,2088.0,,110,False,0.7942872047424316
OpenJij,13,38,42,exact,290,290,2210.0,,139,False,0.8009860515594482
OpenJij,13,39,38,exact,274,274,2371.0,,125,False,0.7860760688781738
OpenJij,13,40,36,exact,266,266,3064.0,,105,False,0.794990062713623
OpenJij,13,41,46,exact,305,305,1721.0,,161,False,0.7896571159362793
OpenJij,13,42,39,exact,278,278,3763.0,,119,False,0.7811708450317383
OpenJij,13,43,32,exact,246,246,2329.0,,86,False,0.7856121063232422
OpenJij,13,44,49,exact,314,314,4890.0,,179,False,0.8173739910125732
OpenJij,13,45,46,exact,305,305,1426.0,,157,False,0.8083200454711914
OpenJij,13,46,27,exact,220,220,1197.0,,70,False,0.7896969318389893
OpenJij,13,47,38,exact,274,274,4233.0,,129,False,0.7860832214355469
OpenJij,13,48,35,exact,261,261,3260.0,,101,False,0.7881391048431396
OpenJij,13,49,43,exact,294,294,2521.0,,148,False,0.7808749675750732
OpenJij,13,0,34,lucas,10,10,109.0,109,107,True,0.7958199977874756
OpenJij,13,1,46,lucas,10,10,163.0,163,163,True,0.797022819519043
OpenJij,13,2,38,lucas,9,9,127.0,,125,False,0.7947289943695068
OpenJij,13,3,35,lucas,9,9,105.0,105,120,True,0.7920308113098145
OpenJij,13,4,42,lucas,10,10,127.0,127,127,True,0.7931623458862305
OpenJij,13,5,46,lucas,11,11,169.0,169,156,True,0.7984440326690674
OpenJij,13,6,39,lucas,11,11,125.0,125,124,True,0.8663022518157959
OpenJij,13,7,43,lucas,10,10,147.0,,155,False,0.7972140312194824
OpenJij,13,8,37,lucas,9,9,115.0,115,110,True,0.795767068862915
OpenJij,13,9,44,lucas,11,11,158.0,158,158,True,0.7965500354766846
OpenJij,13,10,39,lucas,10,10,131.0,,116,False,0.796450138092041
OpenJij,13,11,36,lucas,10,10,118.0,118,111,True,0.795123815536499
OpenJij,13,12,42,lucas,9,9,143.0,,146,False,0.8003568649291992
OpenJij,13,13,33,lucas,9,9,95.0,,88,False,0.7931301593780518
OpenJij,13,14,29,lucas,8,8,86.0,86,85,True,0.7887511253356934
OpenJij,13,15,46,lucas,12,12,164.0,164,161,True,0.7937359809875488
OpenJij,13,16,36,lucas,8,8,122.0,,121,False,0.7947959899902344
OpenJij,13,17,37,lucas,9,9,113.0,,108,False,0.7950499057769775
OpenJij,13,18,33,lucas,9,9,101.0,101,100,True,0.7873878479003906
OpenJij,13,19,34,lucas,9,9,112.0,112,99,True,0.792090892791748
OpenJij,13,20,41,lucas,9,9,143.0,143,143,True,0.7935879230499268
OpenJij,13,21,42,lucas,9,9,136.0,136,136,True,0.7831721305847168
OpenJij,13,22,37,lucas,9,9,109.0,109,107,True,0.7896697521209717
OpenJij,13,23,45,lucas,12,12,148.0,148,145,True,0.7935888767242432
OpenJij,13,24,37,lucas,9,9,113.0,,113,False,0.7951469421386719
OpenJij,13,25,34,lucas,9,9,110.0,,97,False,0.7952578067779541
OpenJij,13,26,36,lucas,8,8,113.0,,122,False,0.7914049625396729
OpenJij,13,27,45,lucas,10,10,142.0,142,150,True,0.8143770694732666
OpenJij,13,28,37,lucas,9,9,139.0,139,124,True,0.7904129028320312
OpenJij,13,29,36,lucas,9,9,122.0,122,119,True,0.7917678356170654
OpenJij,13,30,31,lucas,9,9,95.0,95,97,True,0.7923078536987305
OpenJij,13,31,39,lucas,10,10,134.0,,124,False,0.7934460639953613
OpenJij,13,32,38,lucas,9,9,134.0,134,126,True,0.7958028316497803
OpenJij,13,33,44,lucas,10,10,153.0,153,157,True,0.7956600189208984
OpenJij,13,34,49,lucas,13,13,180.0,180,183,True,0.7941901683807373
OpenJij,13,35,36,lucas,9,9,111.0,111,109,True,0.7945008277893066
OpenJij,13,36,43,lucas,10,10,162.0,,150,False,0.7959871292114258
OpenJij,13,37,39,lucas,9,9,113.0,113,110,True,0.7875621318817139
OpenJij,13,38,42,lucas,11,11,167.0,,139,False,0.7965078353881836
OpenJij,13,39,38,lucas,10,10,124.0,124,125,True,0.7927093505859375
OpenJij,13,40,36,lucas,9,9,105.0,105,105,True,0.7915089130401611
OpenJij,13,41,46,lucas,11,11,167.0,167,161,True,0.7947893142700195
OpenJij,13,42,39,lucas,12,12,119.0,119,119,True,0.7896358966827393
OpenJij,13,43,32,lucas,9,9,85.0,85,86,True,0.7907369136810303
OpenJij,13,44,49,lucas,11,11,178.0,178,179,True,0.7991321086883545
OpenJij,13,45,46,lucas,11,11,186.0,,157,False,0.7982609272003174
OpenJij,13,46,27,lucas,8,8,66.0,66,70,True,0.7877717018127441
OpenJij,13,47,38,lucas,11,11,137.0,,129,False,0.7893598079681396
OpenJij,13,48,35,lucas,9,9,112.0,112,101,True,0.7927563190460205
OpenJij,13,49,43,lucas,10,10,151.0,151,148,True,0.7880251407623291
OpenJij,15,0,52,exact,427,427,7470.0,,202,False,0.8253779411315918
OpenJij,15,1,54,exact,437,437,5513.0,,211,False,0.8267021179199219
OpenJij,15,2,47,exact,402,402,6628.0,,167,False,0.8226418495178223
OpenJij,15,3,53,exact,432,432,5875.0,,190,False,0.8231029510498047
OpenJij,15,4,45,exact,392,392,4513.0,,163,False,0.8200581073760986
OpenJij,15,5,53,exact,432,432,7158.0,,179,False,0.8243598937988281
OpenJij,15,6,56,exact,446,446,3833.0,,210,False,0.8301827907562256
OpenJij,15,7,50,exact,417,417,4410.0,,183,False,0.8205990791320801
OpenJij,15,8,53,exact,432,432,5458.0,,184,False,0.8274600505828857
OpenJij,15,9,51,exact,422,422,5286.0,,188,False,0.8207948207855225
OpenJij,15,10,45,exact,392,392,4943.0,,152,False,0.8199708461761475
OpenJij,15,11,47,exact,402,402,5050.0,,169,False,0.8240509033203125
OpenJij,15,12,51,exact,422,422,7393.0,,202,False,0.8260419368743896
OpenJij,15,13,53,exact,432,432,5399.0,,210,False,0.825598955154419
OpenJij,15,14,54,exact,437,437,5935.0,,198,False,0.8238198757171631
OpenJij,15,15,50,exact,417,417,6478.0,,192,False,0.821789026260376
OpenJij,15,16,52,exact,427,427,4506.0,,202,False,0.8237688541412354
OpenJij,15,17,51,exact,422,422,5717.0,,193,False,0.8178937435150146
OpenJij,15,18,56,exact,446,446,9607.0,,218,False,0.8269050121307373
OpenJij,15,19,45,exact,392,392,7650.0,,160,False,0.8193778991699219
OpenJij,15,20,54,exact,437,437,5529.0,,216,False,0.8248739242553711
OpenJij,15,21,50,exact,417,417,4014.0,,191,False,0.8040530681610107
OpenJij,15,22,54,exact,437,437,4199.0,,214,False,0.8260762691497803
OpenJij,15,23,55,exact,442,442,6014.0,,232,False,0.827411413192749
OpenJij,15,24,56,exact,446,446,5611.0,,218,False,0.8183150291442871
OpenJij,15,25,53,exact,432,432,5022.0,,183,False,0.8270630836486816
OpenJij,15,26,57,exact,450,450,7450.0,,222,False,0.8261268138885498
OpenJij,15,27,57,exact,450,450,6557.0,,234,False,0.8270919322967529
OpenJij,15,28,48,exact,407,407,4694.0,,173,False,0.8230552673339844
OpenJij,15,29,52,exact,427,427,3239.0,,195,False,0.8271641731262207
OpenJij,15,30,60,exact,462,462,4902.0,,257,False,0.8290359973907471
OpenJij,15,31,56,exact,446,446,6036.0,,237,False,0.8242990970611572
OpenJij,15,32,54,exact,437,437,9408.0,,199,False,0.8244311809539795
OpenJij,15,33,53,exact,432,432,4158.0,,210,False,0.8234679698944092
OpenJij,15,34,52,exact,427,427,6211.0,,190,False,0.8229038715362549
OpenJij,15,35,53,exact,432,432,7597.0,,206,False,0.8224081993103027
OpenJij,15,36,39,exact,356,356,5878.0,,135,False,0.8143527507781982
OpenJij,15,37,56,exact,446,446,5149.0,,217,False,0.8207318782806396
OpenJij,15,38,47,exact,402,402,6608.0,,167,False,0.8198928833007812
OpenJij,15,39,54,exact,437,437,5897.0,,217,False,0.8270847797393799
OpenJij,15,40,54,exact,437,437,5032.0,,203,False,0.819735050201416
OpenJij,15,41,45,exact,392,392,2943.0,,146,False,0.814237117767334
OpenJij,15,42,44,exact,386,386,3687.0,,157,False,0.8215658664703369
OpenJij,15,43,55,exact,442,442,7744.0,,216,False,0.8276829719543457
OpenJij,15,44,55,exact,442,442,6448.0,,226,False,0.8247120380401611
OpenJij,15,45,55,exact,442,442,6427.0,,216,False,0.822364330291748
OpenJij,15,46,41,exact,368,368,7537.0,,152,False,0.816627025604248
OpenJij,15,47,64,exact,478,478,9348.0,,262,False,0.8316049575805664
OpenJij,15,48,55,exact,442,442,3384.0,,223,False,0.8244390487670898
OpenJij,15,49,53,exact,432,432,8428.0,,208,False,0.8272981643676758
OpenJij,15,0,52,lucas,12,12,213.0,,202,False,0.8306961059570312
OpenJij,15,1,54,lucas,12,12,222.0,222,211,True,0.8311340808868408
OpenJij,15,2,47,lucas,10,10,167.0,167,167,True,0.8314647674560547
OpenJij,15,3,53,lucas,11,11,193.0,193,190,True,0.8296701908111572
OpenJij,15,4,45,lucas,10,10,172.0,172,163,True,0.8264541625976562
OpenJij,15,5,53,lucas,11,11,180.0,180,179,True,0.8352651596069336
OpenJij,15,6,56,lucas,11,11,220.0,220,210,True,0.8361728191375732
OpenJij,15,7,50,lucas,11,11,191.0,,183,False,0.8462672233581543
OpenJij,15,8,53,lucas,13,13,195.0,195,184,True,0.8311460018157959
OpenJij,15,9,51,lucas,12,12,194.0,,188,False,0.8311779499053955
OpenJij,15,10,45,lucas,10,10,151.0,151,152,True,0.8149991035461426
OpenJij,15,11,47,lucas,11,11,171.0,171,169,True,0.8295860290527344
OpenJij,15,12,51,lucas,11,11,213.0,,202,False,0.8319318294525146
OpenJij,15,13,53,lucas,10,10,213.0,213,210,True,0.8315629959106445
OpenJij,15,14,54,lucas,11,11,201.0,201,198,True,0.8310451507568359
OpenJij,15,15,50,lucas,11,11,187.0,,192,False,0.8298070430755615
OpenJij,15,16,52,lucas,11,11,207.0,,202,False,0.8295669555664062
OpenJij,15,17,51,lucas,11,11,195.0,,193,False,0.8277239799499512
OpenJij,15,18,56,lucas,12,12,214.0,214,218,True,0.8312540054321289
OpenJij,15,19,45,lucas,10,10,154.0,154,160,True,0.8251290321350098
OpenJij,15,20,54,lucas,11,11,202.0,202,216,True,0.832705020904541
OpenJij,15,21,50,lucas,10,10,197.0,197,191,True,0.8289790153503418
OpenJij,15,22,54,lucas,11,11,218.0,,214,False,0.8292770385742188
OpenJij,15,23,55,lucas,11,11,225.0,225,232,True,0.8297579288482666
OpenJij,15,24,56,lucas,12,12,244.0,,218,False,0.8328797817230225
OpenJij,15,25,53,lucas,12,12,184.0,184,183,True,0.8283112049102783
OpenJij,15,26,57,lucas,12,12,234.0,,222,False,0.8319737911224365
OpenJij,15,27,57,lucas,11,11,245.0,,234,False,0.8325281143188477
OpenJij,15,28,48,lucas,9,9,173.0,173,173,True,0.8281030654907227
OpenJij,15,29,52,lucas,10,10,213.0,213,195,True,0.8350131511688232
OpenJij,15,30,60,lucas,11,11,240.0,240,257,True,0.8354411125183105
OpenJij,15,31,56,lucas,11,11,219.0,219,237,True,0.8312387466430664
OpenJij,15,32,54,lucas,12,12,203.0,203,199,True,0.8269760608673096
OpenJij,15,33,53,lucas,11,11,197.0,197,210,True,0.8305280208587646
OpenJij,15,34,52,lucas,11,11,187.0,187,190,True,0.8258271217346191
OpenJij,15,35,53,lucas,10,10,210.0,,206,False,0.8331239223480225
OpenJij,15,36,39,lucas,9,9,135.0,135,135,True,0.8211591243743896
OpenJij,15,37,56,lucas,12,12,221.0,,217,False,0.832362174987793
OpenJij,15,38,47,lucas,11,11,189.0,189,167,True,0.8273451328277588
OpenJij,15,39,54,lucas,11,11,229.0,229,217,True,0.8308212757110596
OpenJij,15,40,54,lucas,11,11,204.0,,203,False,0.8313682079315186
OpenJij,15,41,45,lucas,10,10,169.0,,146,False,0.82806396484375
OpenJij,15,42,44,lucas,11,11,171.0,,157,False,0.8246688842773438
OpenJij,15,43,55,lucas,11,11,211.0,211,216,True,0.8312220573425293
OpenJij,15,44,55,lucas,10,10,220.0,220,226,True,0.8307421207427979
OpenJij,15,45,55,lucas,11,11,214.0,214,216,True,0.8313429355621338
OpenJij,15,46,41,lucas,9,9,151.0,,152,False,0.8134317398071289
OpenJij,15,47,64,lucas,14,14,253.0,253,262,True,0.850034236907959
OpenJij,15,48,55,lucas,12,12,222.0,222,223,True,0.8276770114898682
OpenJij,15,49,53,lucas,12,12,213.0,213,208,True,0.827564001083374
